,name,Country Code,rating,category,Currency,original_price,offer_price,discount_percentage,sales,quantity_available,state,reviews,scrape_link,date_scraped,Marca,Línea,Modelo,Modelo alfanumérico,Tamaño de la pantalla,Es smart,Con USB,Con HDMI,Color,Voltaje,Tipo de resolución,Es curvo,Es 3D,Tipo de pantalla,Con HDR,Es portátil,Con apagado automático,Cantidad de puertos HDMI,Cantidad de puertos USB,Con Wi-Fi,Con Bluetooth,Con ethernet,Con VGA,Resolución máxima,Relación de aspecto,Brillo,Tiempo de respuesta,Ancho x Profundidad x Altura,Peso,Cantidad de parlantes,Potencia máxima de los parlantes,Accesorios incluidos,Apps integradas,Ancho,Es inflamable,Es kit,Capacidad de almacenamiento,Sistema operativo,Frecuencia de actualización de la pantalla,Modos de sonido,Frecuencia
0,Smart Tv Tcl 4k De 50 Pulgadas Uhdtv Con Garantía,BO,None,Televisores,$,,23999,,5,1,None,,https://articulo.mercadolibre.com.do/MRD-525853365-smart-tv-tcl-4k-de-50-pulgadas-uhdtv-con-garantia-_JM#position=2&search_layout=stack&type=item&tracking_id=da5f2a53-731a-40fe-9cc7-ad51f629706b,22/03/2023 09:00:07,TCL,Serie UHD,50S435,50S435,"50 """,Sí,,,,,,,,,,,,,,,,,,,,,,,,,,,,,,,,,,,
1,Sony - 65 Class Bravia Xr A80j Series Oled 4k Uhd,BO,None,Televisores,$,,20000,,1,1,None,,https://articulo.mercadolibre.com.do/MRD-525665344-sony-65-class-bravia-xr-a80j-series-oled-4k-uhd-_JM#position=5&search_layout=stack&type=item&tracking_id=da5f2a53-731a-40fe-9cc7-ad51f629706b,22/03/2023 09:00:18,Sony,,,,"70 """,Sí,Sí,Sí,,,,,,,,,,,,,,,,,,,,,,,,,,,,,,,,,
2,Samsung Smart Tv 65 Pulgadas 4k Uhd Pantalla Curva Modelo,BO,None,Televisores,$,,17643,,1,1,None,,https://articulo.mercadolibre.com.do/MRD-525985555-samsung-smart-tv-65-pulgadas-4k-uhd-pantalla-curva-modelo-_JM#position=6&search_layout=stack&type=item&tracking_id=da5f2a53-731a-40fe-9cc7-ad51f62970,22/03/2023 09:00:21,Samsung,,,,"65 """,Sí,Sí,,Negro,100V/240V,4K,Sí,,,,,,,,,,,,,,,,,,,,,,,,,,,,,
3, Smart Tv LG 32pulgadas 2 Años De Garantia ,BO,None,Televisores,$,,8000,,25,1,None,,https://articulo.mercadolibre.com.do/MRD-528071378-smart-tv-lg-32pulgadas-2-anos-de-garantia-_JM#position=9&search_layout=stack&type=item&tracking_id=da5f2a53-731a-40fe-9cc7-ad51f629706b,22/03/2023 09:00:32,LG,Smart TV,,,"32 """,Sí,Sí,Sí,,,4K,,Sí,LED,Sí,,,,,,,,,,,,,,,,,,,,,,,,,,
4,Televisor Hisense 75 Class U9dg Serie Dual-cell 4k Uled 2022,BO,None,Televisores,$,,25500,,1,1,None,,https://articulo.mercadolibre.com.do/MRD-527306132-televisor-hisense-75-class-u9dg-serie-dual-cell-4k-uled-2022-_JM#position=10&search_layout=stack&type=item&tracking_id=da5f2a53-731a-40fe-9cc7-ad51f6,22/03/2023 09:00:35,Hisense,M5000 Series,HLE5017RTU,,"50 """,Sí,Sí,Sí,,100V/240V,4K,,,ULED,Sí,Sí,Sí,4,4,Sí,Sí,Sí,No,3840 px - 2160 px,16:9,460 cd/m²,9.5 ms,111.5 cm x 25.5 cm x 68.9 cm,14.2 kg,2,10 W,"Baterías,Cable de alimentación,Control remoto","Netflix,Web browser,YouTube",,,,,,,,
5,Smart Tv De 24 Pulgadas De La Marca Onn,BO,None,Televisores,$,,7990,,1,1,None,,https://articulo.mercadolibre.com.do/MRD-525814772-smart-tv-de-24-pulgadas-de-la-marca-onn-_JM#position=11&search_layout=stack&type=item&tracking_id=da5f2a53-731a-40fe-9cc7-ad51f629706b,22/03/2023 09:00:39,Onn,HD,,,"24 """,Sí,,,,,,,,,,,,,,,,,,,,,,,,,,,,,,,,,,,
6,Televisor Smart De 32 Pulgadas Livin Full Hd Tv Televisión ,BO,None,Televisores,$,,10450,,1,1,None,,https://articulo.mercadolibre.com.do/MRD-527228018-televisor-smart-de-32-pulgadas-livin-full-hd-tv-television-_JM#position=13&search_layout=stack&type=item&tracking_id=da5f2a53-731a-40fe-9cc7-ad51f629,22/03/2023 09:00:46,,,,,"32 """,Sí,,,,,Full HD,,,,,,,,,,,,,,,,,,,,,,,,,,,,,,
7,Tv Smart Hd Led Hyunday 32  Pulgadas,BO,None,Televisores,$,,14500,,,1,None,,https://articulo.mercadolibre.com.do/MRD-526770224-tv-smart-hd-led-hyunday-32-pulgadas-_JM#position=15&search_layout=stack&type=item&tracking_id=da5f2a53-731a-40fe-9cc7-ad51f629706b,22/03/2023 09:00:52,,,,,"32 """,Sí,,,,,,,,,,,,,,,,,,,,,,,,,,,,,,,,,,,
8,Tv 32  Marca Livin Smart Tv Hd Pantalla Led Televisor,BO,None,Televisores,$,,10999,,,1,None,,https://articulo.mercadolibre.com.do/MRD-525040610-tv-32-marca-livin-smart-tv-hd-pantalla-led-televisor-_JM#position=16&search_layout=stack&type=item&tracking_id=da5f2a53-731a-40fe-9cc7-ad51f629706b,22/03/2023 09:00:54,,,,,"32 """,Sí,,,Brillante,,,,,,,Sí,,,,,,,,,,,,,,,,,,,,,,,,,
9,"Televisor Samsung 40 , Smart Full Hd Tv ",BO,None,Televisores,$,,27450,,1,1,None,,https://articulo.mercadolibre.com.do/MRD-527305240-televisor-samsung-40-smart-full-hd-tv-_JM#position=18&search_layout=stack&type=item&tracking_id=da5f2a53-731a-40fe-9cc7-ad51f629706b,22/03/2023 09:01:01,Samsung,TV,Samsung,Samsung,"40 """,Sí,,,,,Full HD,,,,,,,,,,,,,,,,,,,,,,,,,,,,,,
10,Smart Tv 32 Pulgadas (8 29-) -6 60- 9520-,BO,None,Televisores,$,,8000,,50,1,None,,https://articulo.mercadolibre.com.do/MRD-526224053-smart-tv-32-pulgadas-8-29-6-60-9520--_JM#position=20&search_layout=stack&type=item&tracking_id=da5f2a53-731a-40fe-9cc7-ad51f629706b,22/03/2023 09:01:07,Samsung,TV,Smart TV,,"32 """,Sí,,,,,,,,,,,,,,,,,,,,,,,,,,,,,,,,,,,
11,Smart Tv 32 Pulgadas  Ws (8 29-) -9 66 -5353-,BO,None,Televisores,$,,8000,,50,1,None,,https://articulo.mercadolibre.com.do/MRD-528147792-smart-tv-32-pulgadas-ws-8-29-9-66-5353--_JM#position=21&search_layout=stack&type=item&tracking_id=da5f2a53-731a-40fe-9cc7-ad51f629706b,22/03/2023 09:01:10,Samsung,TV,Smart TV,,"32 """,Sí,Sí,Sí,,,,Sí,Sí,,Sí,Sí,,,,,,,,,,,,,,,,,,,,,,,,,
12,Smart Tv 50 Pulgadas Ws (8 29-) -9 66 -5353-,BO,None,Televisores,$,,18500,,25,1,None,,https://articulo.mercadolibre.com.do/MRD-528160826-smart-tv-50-pulgadas-ws-8-29-9-66-5353--_JM#position=22&search_layout=stack&type=item&tracking_id=da5f2a53-731a-40fe-9cc7-ad51f629706b,22/03/2023 09:01:13,LG,Smart TV,,,"50 """,Sí,Sí,Sí,,,,Sí,Sí,,Sí,Sí,,,,,,,,,,,,,,,,,,,,,,,,,
13,Smart Tv De 32 Pulgadas  Ws (8 29-) -9 66 -5353-,BO,None,Televisores,$,,8500,,25,1,None,,https://articulo.mercadolibre.com.do/MRD-526483873-smart-tv-de-32-pulgadas-ws-8-29-9-66-5353--_JM#position=23&search_layout=stack&type=item&tracking_id=da5f2a53-731a-40fe-9cc7-ad51f629706b,22/03/2023 09:01:17,TCL,,,,"32 """,Sí,Sí,Sí,,,,Sí,Sí,,Sí,Sí,,,,,,,,,,,,,,,,,,,,,,,,,
14,Tcl Roku Control Remoto Para Televisores Smart,BO,None,Televisores,$,,600,,5,1,None,,https://articulo.mercadolibre.com.do/MRD-525099277-tcl-roku-control-remoto-para-televisores-smart-_JM#position=24&search_layout=stack&type=item&tracking_id=da5f2a53-731a-40fe-9cc7-ad51f629706b,22/03/2023 09:01:20,TCL,,roku,,"32 """,Sí,,,,,,,,,,,,,,,,,,,,,,,,,,,,,,,,,,,
15,Samsung Tu7000 65  Class Hdr 4k Uhd Smart Led Tv,BO,None,Televisores,U$S,,450,,1,1,None,,https://articulo.mercadolibre.com.do/MRD-525237738-samsung-tu7000-65-class-hdr-4k-uhd-smart-led-tv-_JM#position=25&search_layout=stack&type=item&tracking_id=da5f2a53-731a-40fe-9cc7-ad51f629706b,22/03/2023 09:01:23,Samsung,SAUN65TU7000,UN65TU7000FXZA,UN65TU7000FXZA,"65 """,Sí,,,Negro,110V/220V,4K,,,LED,Sí,,,,,,,,,,,,,,,,,,,,,,,,,,
16,Nuevo Samsung 32 Pulgadas Class Led Smart Fhd Tv 1080p,BO,None,Televisores,$,,6500,,1,1,None,,https://articulo.mercadolibre.com.do/MRD-526574502-nuevo-samsung-32-pulgadas-class-led-smart-fhd-tv-1080p-_JM#position=28&search_layout=stack&type=item&tracking_id=da5f2a53-731a-40fe-9cc7-ad51f629706b,22/03/2023 09:01:34,Samsung,Series Q,UN32N5300AFXZA,UN32N5300AFXZA,"32 """,Sí,,,,,,,,,,,,,,,,,,,,,,,,,,,,,,,,,,,
17,Smart Tv 50 Pulgadas (8 29-) -6 60- 9520- ,BO,None,Televisores,$,,24000,,1,1,None,,https://articulo.mercadolibre.com.do/MRD-526275806-smart-tv-50-pulgadas-8-29-6-60-9520--_JM#position=29&search_layout=stack&type=item&tracking_id=da5f2a53-731a-40fe-9cc7-ad51f629706b,22/03/2023 09:01:37,Samsung,TV,Smart TV,,"55 """,Sí,,,,,,,,,,,,,,,,,,,,,,,,,,,,,,,,,,,
18,Nuevo LG 65-inch Class Uq9000 Series 4k Smart Tv,BO,None,Televisores,$,,8500,,1,1,None,,https://articulo.mercadolibre.com.do/MRD-526587502-nuevo-lg-65-inch-class-uq9000-series-4k-smart-tv-_JM#position=33&search_layout=stack&type=item&tracking_id=da5f2a53-731a-40fe-9cc7-ad51f629706b,22/03/2023 09:01:50,LG,Serie UHD,UQ9000,65UQ9000PUD,"65 """,Sí,,,,,,,,,Sí,,,,,,,,,,,,,,,,,,,,,,,,,,
19,Control Remoto Para Televisores Tecnomaster 311s Smart Tv,BO,None,Televisores,$,,600,,1,1,None,,https://articulo.mercadolibre.com.do/MRD-525060265-control-remoto-para-televisores-tecnomaster-311s-smart-tv-_JM#position=34&search_layout=stack&type=item&tracking_id=da5f2a53-731a-40fe-9cc7-ad51f6297,22/03/2023 09:01:53,tecnomaster,,311s,,"32 """,Sí,,,,,,,,,,,,,,,,,,,,,,,,,,,,,,,,,,,
20,Smart Tv 32 Pulgadas ,BO,None,Televisores,$,,8000,,,1,None,,https://articulo.mercadolibre.com.do/MRD-526224486-smart-tv-32-pulgadas-_JM#position=37&search_layout=stack&type=item&tracking_id=da5f2a53-731a-40fe-9cc7-ad51f629706b,22/03/2023 09:02:03,TCL,,,,"32 """,Sí,,,,,,,,,,,,,,,,,,,,,,,,,,,,,,,,,,,
21,Televisor 32 Hd Smart Fire ,BO,None,Televisores,$,,19550,,,1,None,,https://articulo.mercadolibre.com.do/MRD-527305246-televisor-32-hd-smart-fire-_JM#position=38&search_layout=stack&type=item&tracking_id=da5f2a53-731a-40fe-9cc7-ad51f629706b,22/03/2023 09:02:07,Toshiba,,,,"32 """,Sí,,Sí,,,,,,,,,,,,,,,,,,,,,,,,,,,,,,,,,
22,"Control Remotor Universal Para Tv Hd,led,lcd Rm-l1107+12",BO,None,Televisores,$,,495,,,1,None,,https://articulo.mercadolibre.com.do/MRD-523955031-control-remotor-universal-para-tv-hdledlcd-rm-l110712-_JM#position=40&search_layout=stack&type=item&tracking_id=da5f2a53-731a-40fe-9cc7-ad51f629706b,22/03/2023 09:02:12,,,,,"0 """,,,,,,,,Sí,,,,,,,,,,,,,,,,,,,,,4.8 cm,,,,,,,
23,Base Para Tv Movible De Dos Brazos,BO,None,Televisores,$,,2250,,,1,None,,https://articulo.mercadolibre.com.do/MRD-525223605-base-para-tv-movible-de-dos-brazos-_JM#position=42&search_layout=stack&type=item&tracking_id=da5f2a53-731a-40fe-9cc7-ad51f629706b,22/03/2023 09:02:18,,,,,,Sí,,,,,,,,,,,,,,,,,,,,,,,,,,,,,,,,,,,
24,Smart Tv 32 Pulgadas (8 29-) -6 60- 9520-,BO,None,Televisores,$,,8000,,,1,None,,https://articulo.mercadolibre.com.do/MRD-526243585-smart-tv-32-pulgadas-8-29-6-60-9520--_JM#position=45&search_layout=stack&type=item&tracking_id=da5f2a53-731a-40fe-9cc7-ad51f629706b,22/03/2023 09:02:28,Samsung,TV,Smart TV,,"32 """,Sí,,,,,,,,,,,,,,,,,,,,,,,,,,,,,,,,,,,
25,Control Remoto Para Televisores Tecnomaster Smart Tv,BO,None,Televisores,$,,600,,,1,None,,https://articulo.mercadolibre.com.do/MRD-525079777-control-remoto-para-televisores-tecnomaster-smart-tv-_JM#position=47&search_layout=stack&type=item&tracking_id=da5f2a53-731a-40fe-9cc7-ad51f629706b,22/03/2023 09:02:34,tecnomaster,,2323,,"32 """,Sí,,,,,,,,,,,,,,,,,,,,,,,,,,,,,,,,,,,
26,Smart Tv Samsung Qled 82,BO,None,Televisores,$,,105000,,,1,None,,https://articulo.mercadolibre.com.do/MRD-526691634-smart-tv-samsung-qled-82-_JM#position=48&search_layout=stack&type=item&tracking_id=da5f2a53-731a-40fe-9cc7-ad51f629706b,22/03/2023 09:02:37,Samsung,Tv,Qled6,Samsung,"82 """,Sí,,,,,4K,,,QLED,,,,,,,,,,,,,,,,,,,,,,,,,,,
27,Base Para Tv.  Smart Tv Lcd Led Plasma Fija,BO,None,Televisores,$,,650,,25,1,None,,https://articulo.mercadolibre.com.do/MRD-526770212-base-para-tv-smart-tv-lcd-led-plasma-fija-_JM#position=49&search_layout=stack&type=item&tracking_id=da5f2a53-731a-40fe-9cc7-ad51f629706b,22/03/2023 09:02:40,,,,,,No,No,No,,,,No,No,,No,No,,,,No,No,No,No,,,,,,,,,,,,No,No,,,,,
28,Samsung 65 Clase 4k Cristal Uhd,BO,None,Televisores,$,,17734,,1,1,None,,https://articulo.mercadolibre.com.do/MRD-525985548-samsung-65-clase-4k-cristal-uhd-_JM#position=7&search_layout=stack&type=item&tracking_id=da5f2a53-731a-40fe-9cc7-ad51f629706b,22/03/2023 09:04:14,Samsung,,,,"58 """,,,,,,,,,,,,,,,,,,,,,,,,,,,,,,,,,,,,
29,Televisor  32  Pulgadas,BO,None,Televisores,$,,19400,,,1,None,,https://articulo.mercadolibre.com.do/MRD-527305244-televisor-32-pulgadas-_JM#position=14&search_layout=stack&type=item&tracking_id=da5f2a53-731a-40fe-9cc7-ad51f629706b,22/03/2023 09:04:34,Samsung,Samsung,,,"32 """,Sí,,,,,,,,,,,,,,,,,,,,,,,,,,,,,,,,,,,
30,Televisor Smart De 39 Pulgadas Hyundai Full Hd Android,BO,None,Televisores,$,,14950,,5,1,None,,https://articulo.mercadolibre.com.do/MRD-527228016-televisor-smart-de-39-pulgadas-hyundai-full-hd-android-_JM#position=17&search_layout=stack&type=item&tracking_id=da5f2a53-731a-40fe-9cc7-ad51f629706b,22/03/2023 09:04:40,Hyundai,Marrón,HYLED399AiM,HYLED399AiM,"39 """,Sí,Sí,Sí,,,Full HD,,,,,,,,,Sí,Sí,,,,,,,,,,,,,,,,4 GB,,,,
31,Smart Tv Samsung 43 ,BO,None,Televisores,$,,23800,,,1,None,,https://articulo.mercadolibre.com.do/MRD-526717558-smart-tv-samsung-43-_JM#position=19&search_layout=stack&type=item&tracking_id=da5f2a53-731a-40fe-9cc7-ad51f629706b,22/03/2023 09:04:46,Samsung,Tv,Tu700,Samsung,"43 """,Sí,,,,,4K,,,Plasma,,,,,,,,,,,,,,,,,,,,,,,,,,,
32,Rca 32-inch Flat Screen 720p Roku Smart Led Tv - Rtr3261,BO,None,Televisores,$,,4500,,1,1,None,,https://articulo.mercadolibre.com.do/MRD-526471488-rca-32-inch-flat-screen-720p-roku-smart-led-tv-rtr3261-_JM#position=26&search_layout=stack&type=item&tracking_id=da5f2a53-731a-40fe-9cc7-ad51f629706b,22/03/2023 09:04:53,RCA,RTR3261,RTR3261,RTR3261,"24 """,Sí,,,,,Full HD,,,,Sí,,,,,,,,,,,,,,,,,,,,,,,,,,
33,Smart Tv 55 Pulgadas (8 29-) -6 60- 9520-,BO,None,Televisores,$,,24000,,1,1,None,,https://articulo.mercadolibre.com.do/MRD-526217519-smart-tv-55-pulgadas-8-29-6-60-9520--_JM#position=27&search_layout=stack&type=item&tracking_id=da5f2a53-731a-40fe-9cc7-ad51f629706b,22/03/2023 09:05:00,Samsung,TV,Smart TV,,"55 """,Sí,,,,,,,,,,,,,,,,,,,,,,,,,,,,,,,,,,,
34,Control Remoto Para Televisores Samsung Smart,BO,None,Televisores,$,,600,,1,1,None,,https://articulo.mercadolibre.com.do/MRD-525053773-control-remoto-para-televisores-samsung-smart-_JM#position=32&search_layout=stack&type=item&tracking_id=da5f2a53-731a-40fe-9cc7-ad51f629706b,22/03/2023 09:05:19,Samsung,Samsung,smart,Samsung,"32 """,Sí,,,,,,,,,,,,,,,,,,,,,,,,,,,,,,,,,,,
35,Entretenimiento A Otro Nivel Con El Hisense 32  Smart Tv,BO,None,Televisores,$,,12199,,,1,None,,https://articulo.mercadolibre.com.do/MRD-526510406-entretenimiento-a-otro-nivel-con-el-hisense-32-smart-tv-_JM#position=39&search_layout=stack&type=item&tracking_id=da5f2a53-731a-40fe-9cc7-ad51f629706,22/03/2023 09:05:38,Hisense,A4 Series,32A40GMV,32A40GMV,"32 """,Sí,,Sí,Negro,,HD,,,LED,,Sí,,,,,,,,,,,,,,,,,,,,,,,,,
36,Tv Smart Tv Aiwa 32 Pulgadas,BO,None,Televisores,$,,12500,,,1,None,,https://articulo.mercadolibre.com.do/MRD-525997941-tv-smart-tv-aiwa-32-pulgadas-_JM#position=43&search_layout=stack&type=item&tracking_id=da5f2a53-731a-40fe-9cc7-ad51f629706b,22/03/2023 09:05:50,"alwa 32"" AW32B4SM

NETFLIX

9/104439

HD

720p",Aiwa,9/104439,HD,"32 """,Sí,Sí,Sí,Negro,110V/220V,HD,,,Plasma,,,,,,,,,,,,,,,,,,,,,,,,,,,
37,Smart Tv 50 Pulgada ,BO,None,Televisores,$,,17000,,,1,None,,https://articulo.mercadolibre.com.do/MRD-526217982-smart-tv-50-pulgada-_JM#position=50&search_layout=stack&type=item&tracking_id=da5f2a53-731a-40fe-9cc7-ad51f629706b,22/03/2023 09:06:10,LG,Smart TV,,,"50 """,Sí,,,,,,,,,,,,,,,,,,,,,,,,,,,,,,,,,,,
38,Hisense Serie A4 Smart Tv Fhd De 40 Pulgadas Con Android,DO,None,Televisores,$,,6500,,,1,None,,https://articulo.mercadolibre.com.do/MRD-526574504-hisense-serie-a4-smart-tv-fhd-de-40-pulgadas-con-android-_JM#position=1&search_layout=stack&type=item&tracking_id=aa58a776-8375-4298-897d-8cbb9d04255,22/03/2023 09:13:07,Hisense,A4 Series,40A4H,40A4H,"24 """,Sí,,,,,,,,,Sí,,,,,,,,,,,,,,,,,,,,,,,,,,
39,Control Smart Tv ,DO,None,Televisores,$,,1495,,1,1,None,,https://articulo.mercadolibre.com.do/MRD-528109524-control-smart-tv-_JM#position=2&search_layout=stack&type=item&tracking_id=aa58a776-8375-4298-897d-8cbb9d042556,22/03/2023 09:13:11,,,,,,Sí,Sí,,,DC 5 V,,,,,,,,,,,,,,,,,,,,,,,,,,,,,,,
40,Tecnomaster Smart Tv Control Remoto,DO,None,Televisores,$,,800,,,1,None,,https://articulo.mercadolibre.com.do/MRD-525047273-tecnomaster-smart-tv-control-remoto-_JM#position=3&search_layout=stack&type=item&tracking_id=aa58a776-8375-4298-897d-8cbb9d042556,22/03/2023 09:13:14,tecnomaster,,,,"32 """,Sí,,,,,,,,,,,,,,,,,,,,,,,,,,,,,,,,,,,
41,LG C2pua 42  4k Hdr Smart Oled Evo Tv,DO,None,Televisores,U$S,,650,,,1,None,,https://articulo.mercadolibre.com.do/MRD-525347561-lg-c2pua-42-4k-hdr-smart-oled-evo-tv-_JM#position=4&search_layout=stack&type=item&tracking_id=aa58a776-8375-4298-897d-8cbb9d042556,22/03/2023 09:13:18,LG,C2PUA,LGOLED42C2,OLED42C2PUA,"42 """,Sí,,,Negro,110V/220V,4K,,,OLED,Sí,,,,,,,,,,,,,,,,,,,,,,,,,,
42,Smart Tv 50 Pulgadas (8 29-) -6 60- 9520-,DO,None,Televisores,$,,17000,,,1,None,,https://articulo.mercadolibre.com.do/MRD-526217499-smart-tv-50-pulgadas-8-29-6-60-9520--_JM#position=5&search_layout=stack&type=item&tracking_id=aa58a776-8375-4298-897d-8cbb9d042556,22/03/2023 09:13:21,LG,Smart TV,,,"50 """,Sí,,,,,,,,,,,,,,,,,,,,,,,,,,,,,,,,,,,
43,Smart Tv 55 Pulgadas (8 29-) -6 60- 9520-,DO,None,Televisores,$,,24000,,,1,None,,https://articulo.mercadolibre.com.do/MRD-526217504-smart-tv-55-pulgadas-8-29-6-60-9520--_JM#position=6&search_layout=stack&type=item&tracking_id=aa58a776-8375-4298-897d-8cbb9d042556,22/03/2023 09:13:25,Samsung,TV,Smart TV,,"55 """,Sí,,,,,,,,,,,,,,,,,,,,,,,,,,,,,,,,,,,
44,Smart Tv 50 Pulgadas (8 29-) -6 60- 9520-,DO,None,Televisores,$,,17000,,,1,None,,https://articulo.mercadolibre.com.do/MRD-526230518-smart-tv-50-pulgadas-8-29-6-60-9520--_JM#position=7&search_layout=stack&type=item&tracking_id=aa58a776-8375-4298-897d-8cbb9d042556,22/03/2023 09:13:28,LG,Smart TV,,,"50 """,Sí,,,,,,,,,,,,,,,,,,,,,,,,,,,,,,,,,,,
45,Smart Tv 32 Pulgadas (8 29-) -6 60- 9520-,DO,None,Televisores,$,,8000,,,1,None,,https://articulo.mercadolibre.com.do/MRD-526263041-smart-tv-32-pulgadas-8-29-6-60-9520--_JM#position=9&search_layout=stack&type=item&tracking_id=aa58a776-8375-4298-897d-8cbb9d042556,22/03/2023 09:13:35,Samsung,TV,Smart TV,,"32 """,Sí,,,,,,,,,,,,,,,,,,,,,,,,,,,,,,,,,,,
46,Tarjeta Madre Para Vizio V400hj9-d03,DO,None,Televisores,$,,2300,,,1,None,,https://articulo.mercadolibre.com.do/MRD-525086310-tarjeta-madre-para-vizio-v400hj9-d03-_JM#position=10&search_layout=stack&type=item&tracking_id=aa58a776-8375-4298-897d-8cbb9d042556,22/03/2023 09:13:39,Vizio,,,,"32 """,Sí,,,,,,,,,,,,,,,,,,,,,,,,,,,,,,,,,,,
47,Sony 32 Inch 720p Hd Led Hdr Tv W830k Series With Google Tv,DO,None,Televisores,$,,9000,,,1,None,,https://articulo.mercadolibre.com.do/MRD-526465083-sony-32-inch-720p-hd-led-hdr-tv-w830k-series-with-google-tv-_JM#position=17&search_layout=stack&type=item&tracking_id=aa58a776-8375-4298-897d-8cbb9d0,22/03/2023 09:14:03,Sony,W830K Series,W830K,W830K,"32 """,Sí,,,,,Full HD,,,,Sí,,,,,,,,,,,,,,,,,,,,,,,,,,
48,Smart Tv Samsung De 55 Pulgadas 4k Uhd Serie Au8000 Hdr,DO,None,Televisores,$,,11500,,,1,None,,https://articulo.mercadolibre.com.do/MRD-526600504-smart-tv-samsung-de-55-pulgadas-4k-uhd-serie-au8000-hdr-_JM#position=18&search_layout=stack&type=item&tracking_id=aa58a776-8375-4298-897d-8cbb9d04255,22/03/2023 09:14:07,Samsung,Series,UN55AU8000FXZA,UN55AU8000FXZA,"55 """,Sí,,,,,,,,,Sí,,,,,,,,,,,,,,,,,,,,,,,,,,
49,Control Remoto (2da Generacion) Para Amazon Fire Tv Y Fire ,DO,None,Televisores,$,,2000,,,1,None,,https://articulo.mercadolibre.com.do/MRD-526799798-control-remoto-2da-generacion-para-amazon-fire-tv-y-fire-_JM#position=19&search_layout=stack&type=item&tracking_id=aa58a776-8375-4298-897d-8cbb9d0425,22/03/2023 09:14:11,,,,,,No,No,No,,,,No,No,,No,No,,,,No,No,No,No,,,,,,,,,,,,No,No,,,,,
50,Control Remoto LG Para Televisores Smart,DO,None,Televisores,$,,600,,,1,None,,https://articulo.mercadolibre.com.do/MRD-525112014-control-remoto-lg-para-televisores-smart-_JM#position=22&search_layout=stack&type=item&tracking_id=aa58a776-8375-4298-897d-8cbb9d042556,22/03/2023 09:14:22,LG,,smart,,"32 """,Sí,,,,,,,,,,,,,,,,,,,,,,,,,,,,,,,,,,,
51,Nuevo Samsung 32  M80b 4k Uhd Hdr Smart Tv,DO,None,Televisores,$,,11500,,,1,None,,https://articulo.mercadolibre.com.do/MRD-526600502-nuevo-samsung-32-m80b-4k-uhd-hdr-smart-tv-_JM#position=25&search_layout=stack&type=item&tracking_id=aa58a776-8375-4298-897d-8cbb9d042556,22/03/2023 09:14:33,Samsung,Series,LS32BM805UNXGO,LS32BM805UNXGO,"32 """,Sí,,,,,,,,,Sí,,,,,,,,,,,,,,,,,,,,,,,,,,
52,Control Remoto Para Televisores Tecnomaster Led,DO,None,Televisores,$,,600,,,1,None,,https://articulo.mercadolibre.com.do/MRD-527228594-control-remoto-para-televisores-tecnomaster-led-_JM#position=27&search_layout=stack&type=item&tracking_id=aa58a776-8375-4298-897d-8cbb9d042556,22/03/2023 09:14:41,Tecnomaster,LED,,,"32 """,Sí,,,,,,,,,,,,,,,,,,,,,,,,,,,,,,,,,,,
53,Smart Tv 24 Pulgadas Insignia,DO,None,Televisores,$,,8000,,,1,None,,https://articulo.mercadolibre.com.do/MRD-527250662-smart-tv-24-pulgadas-insignia-_JM#position=28&search_layout=stack&type=item&tracking_id=aa58a776-8375-4298-897d-8cbb9d042556,22/03/2023 09:14:44,Insignia,,24 pulgadas,24,"24 """,Sí,Sí,Sí,Negro,110V/220V,Full HD,,,LED,,,,,,,,,,,,,,,,,,,,,,,,,,,
54,Control Remoto Para Televisores Vizio Smart Tv,DO,None,Televisores,$,,600,,,1,None,,https://articulo.mercadolibre.com.do/MRD-525092744-control-remoto-para-televisores-vizio-smart-tv-_JM#position=30&search_layout=stack&type=item&tracking_id=aa58a776-8375-4298-897d-8cbb9d042556,22/03/2023 09:14:51,Vizio,,smart,,"32 """,Sí,,,,,,,,,,,,,,,,,,,,,,,,,,,,,,,,,,,
55,Televisor Hisense 75 Class U9dg Serie Dual-cell 4k Uled 2022,DO,None,Televisores,$,,25500,,,1,None,,https://articulo.mercadolibre.com.do/MRD-528056884-televisor-hisense-75-class-u9dg-serie-dual-cell-4k-uled-2022-_JM#position=32&search_layout=stack&type=item&tracking_id=aa58a776-8375-4298-897d-8cbb9d,22/03/2023 09:14:57,Hisense,M5000 Series,HLE5017RTU,,"50 """,Sí,Sí,Sí,,100V/240V,4K,,,ULED,,,Sí,4,4,Sí,Sí,Sí,No,3840 px - 2160 px,16:9,460 cd/m²,9.5 ms,111.5 cm x 25.5 cm x 68.9 cm,14.2 kg,2,10 W,"Baterías,Cable de alimentación,Control remoto","Netflix,Web browser,YouTube",,,,,,,,
56,Smart Tv Samsung 43 ,DO,None,Televisores,$,,23800,,,1,None,,https://articulo.mercadolibre.com.do/MRD-526483885-smart-tv-samsung-43-_JM#position=33&search_layout=stack&type=item&tracking_id=aa58a776-8375-4298-897d-8cbb9d042556,22/03/2023 09:15:00,Samsung,Tv,Tu700,Samsung,"43 """,Sí,Sí,Sí,,,,Sí,Sí,,Sí,Sí,,,,,,,,,,,,,,,,,,,,,,,,,
57,Televisor Tecnomaster Smart Tv 32 Pulgadas ,DO,None,Televisores,$,,7800,,,1,None,,https://articulo.mercadolibre.com.do/MRD-528069920-televisor-tecnomaster-smart-tv-32-pulgadas-_JM#position=35&search_layout=stack&type=item&tracking_id=aa58a776-8375-4298-897d-8cbb9d042556,22/03/2023 09:15:06,Tecnomaster,,,,"32 """,Sí,Sí,Sí,,,,Sí,Sí,,Sí,Sí,,,,,,,,,,,,,,,,,,,,,,,,,
58,Sony - 65 Class A8h Series Oled 4k Uhd Smart Android Tv,DO,None,Televisores,$,,25500,,,1,None,,https://articulo.mercadolibre.com.do/MRD-528069934-sony-65-class-a8h-series-oled-4k-uhd-smart-android-tv-_JM#position=36&search_layout=stack&type=item&tracking_id=aa58a776-8375-4298-897d-8cbb9d042556,22/03/2023 09:15:09,Sony,Bravia,KD-60X690E,,"60 """,Sí,Sí,Sí,,110V/240V,4K,,,LED,Sí,,Sí,3,3,Sí,No,Sí,,3840 px - 2160 px,16:9,,,135.68 cm x 8.6 cm x 78.61 cm,19 kg,2,20 W,"Baterías,Cable de alimentación,Control remoto","Netflix,Web browser,YouTube",,,,,Linux,240 Hz,"DTS Digital Surround,Dolby Digital,Dolby Digital Plus,Dolby Pulse",
59,Control Remoto Para Televisores Tcl Led,DO,None,Televisores,$,,600,,,1,None,,https://articulo.mercadolibre.com.do/MRD-526945068-control-remoto-para-televisores-tcl-led-_JM#position=38&search_layout=stack&type=item&tracking_id=aa58a776-8375-4298-897d-8cbb9d042556,22/03/2023 09:15:16,TCL,LED,,,"32 """,Sí,,,,,,,,,,,,,,,,,,,,,,,,,,,,,,,,,,,
60,Cable Hdmi 2.0 4k Ultra Hd Hdr 6 Pies - Gator,DO,None,Televisores,$,,900,,,1,None,,https://articulo.mercadolibre.com.do/MRD-527225350-cable-hdmi-20-4k-ultra-hd-hdr-6-pies-gator-_JM#position=39&search_layout=stack&type=item&tracking_id=aa58a776-8375-4298-897d-8cbb9d042556,22/03/2023 09:15:19,,,,,,,,Sí,,,,,Sí,,Sí,Sí,,,,,,Sí,,,,,,,,,,,,,,,,,,,240 MHz
61,Extensión Cable Hdmi Macho/hembra 6 Pies,DO,None,Televisores,$,,900,,,1,None,,https://articulo.mercadolibre.com.do/MRD-527367792-extension-cable-hdmi-machohembra-6-pies-_JM#position=40&search_layout=stack&type=item&tracking_id=aa58a776-8375-4298-897d-8cbb9d042556,22/03/2023 09:15:22,,,,,,,,Sí,,,4K,,Sí,,,,,,,,,Sí,,,,,,,,,,,,,,,,,,,
62,Smart Tv 50 Pulgadas Ws (8 29-) -9 66 -5353-,DO,None,Televisores,$,,24000,,,1,None,,https://articulo.mercadolibre.com.do/MRD-528056852-smart-tv-50-pulgadas-ws-8-29-9-66-5353--_JM#position=42&search_layout=stack&type=item&tracking_id=aa58a776-8375-4298-897d-8cbb9d042556,22/03/2023 09:15:28,Samsung,TV,Smart TV,,"50 """,Sí,Sí,Sí,,,,Sí,Sí,,Sí,Sí,,,,,,,,,,,,,,,,,,,,,,,,,
63,"Insignia Amazon Fire Tv Edition, 32 Pulgadas 1080p Hd",DO,None,Televisores,$,,12000,,1,1,None,,https://articulo.mercadolibre.com.do/MRD-525990443-insignia-amazon-fire-tv-edition-32-pulgadas-1080p-hd-_JM#position=46&search_layout=stack&type=item&tracking_id=aa58a776-8375-4298-897d-8cbb9d042556,22/03/2023 09:15:41,Insignia,Amazon fire stick,,,"32 """,Sí,Sí,Sí,Negro,,Full HD,No,No,LED,Sí,Sí,,,,,,,,,,,,,,,,,,,,,,,,,
64,Smart Tv 50 Pulgadas (8 29-) -6 60- 9520-,DO,None,Televisores,$,,17000,,,1,None,,https://articulo.mercadolibre.com.do/MRD-526263047-smart-tv-50-pulgadas-8-29-6-60-9520--_JM#position=50&search_layout=stack&type=item&tracking_id=aa58a776-8375-4298-897d-8cbb9d042556,22/03/2023 09:15:54,TCL,,,,"50 """,Sí,,,,,,,,,,,,,,,,,,,,,,,,,,,,,,,,,,,
65,Televisor Tecnomaster Smart Tv 32 Pulgadas ,DO,None,Televisores,$,,7495,,25,1,None,,https://articulo.mercadolibre.com.do/MRD-523859558-televisor-tecnomaster-smart-tv-32-pulgadas-_JM#position=1&search_layout=stack&type=item&tracking_id=da5f2a53-731a-40fe-9cc7-ad51f629706b,22/03/2023 09:18:59,Tecnomaster,,,,"32 """,Sí,Sí,Sí,,,4K,,Sí,LED,Sí,,,,,,,,,,,,,,,,,,,,,,,,,,
66,Televisores Smart Tv Totalmente Nuevos Diferentes Modelos ,DO,None,Televisores,$,,20000,,1,1,None,,https://articulo.mercadolibre.com.do/MRD-525945493-televisores-smart-tv-totalmente-nuevos-diferentes-modelos-_JM#position=3&search_layout=stack&type=item&tracking_id=da5f2a53-731a-40fe-9cc7-ad51f62970,22/03/2023 09:19:05,LG,2020,Smart TV android,2p,"65 """,Sí,Sí,Sí,Negro,110V/220V,4K,Sí,No,Plasma,Sí,Sí,,,,,,,,,,,,,,,,,,,,,,,,,
67,Samsung Neo Qled 4k Tv,DO,None,Televisores,$,,21000,,1,1,None,,https://articulo.mercadolibre.com.do/MRD-525983124-samsung-neo-qled-4k-tv-_JM#position=4&search_layout=stack&type=item&tracking_id=da5f2a53-731a-40fe-9cc7-ad51f629706b,22/03/2023 09:19:12,,,,,,,,,,,,,,,,,,,,,,,,,,,,,,,,,,,,,,,,,
68,Sony - 65 Class A8h Series Oled 4k Uhd Smart Android Tv,DO,None,Televisores,$,,25500,,25,1,None,,https://articulo.mercadolibre.com.do/MRD-527434500-sony-65-class-a8h-series-oled-4k-uhd-smart-android-tv-_JM#position=8&search_layout=stack&type=item&tracking_id=da5f2a53-731a-40fe-9cc7-ad51f629706b,22/03/2023 09:19:19,,,,,,,,,,,,,,,,,,,,,,,,,,,,,,,,,,,,,,,,,
69,Samsung Qn85qn900bfxza 85  Class Neo Qled 8k Smart Tv ,DO,None,Televisores,U$S,,2399,,1,1,None,,https://articulo.mercadolibre.com.do/MRD-528252118-samsung-qn85qn900bfxza-85-class-neo-qled-8k-smart-tv-_JM#position=12&search_layout=stack&type=item&tracking_id=da5f2a53-731a-40fe-9cc7-ad51f629706b,22/03/2023 09:19:26,Samsung,Series 4,QN85QN900BFXZA,QN85QN900BFXZA,"85 """,Sí,Sí,Sí,Plateado,4k,4K,,Sí,LED,Sí,Sí,,,,,,,,,,,,,,,,,,,,,,,,,
70,Hisense - 75 Class A6 Series Led 4k Uhd Smart Google Tv,DO,None,Televisores,$,,22464,,1,1,None,,https://articulo.mercadolibre.com.do/MRD-524833279-hisense-75-class-a6-series-led-4k-uhd-smart-google-tv-_JM#position=30&search_layout=stack&type=item&tracking_id=da5f2a53-731a-40fe-9cc7-ad51f629706b,22/03/2023 09:19:32,,,,,,,,,,,,,,,,,,,,,,,,,,,,,,,,,,,,,,,,,
71,Smart Tv 50 Pulgadas (8 29-) -6 60- 9520-,DO,None,Televisores,$,,17000,,1,1,None,,https://articulo.mercadolibre.com.do/MRD-526230531-smart-tv-50-pulgadas-8-29-6-60-9520--_JM#position=31&search_layout=stack&type=item&tracking_id=da5f2a53-731a-40fe-9cc7-ad51f629706b,22/03/2023 09:19:39,LG,Smart TV,Smart TV,,"50 """,Sí,,,,,,,,,,,,,,,,,,,,,,,,,,,,,,,,,,,
72,Todo Tipo De Base Para Tv,DO,None,Televisores,$,,350,,1,1,None,,https://articulo.mercadolibre.com.do/MRD-528017644-todo-tipo-de-base-para-tv-_JM#position=35&search_layout=stack&type=item&tracking_id=da5f2a53-731a-40fe-9cc7-ad51f629706b,22/03/2023 09:19:45,,,,,,,,,,,,,,,,,,,,,,,,,,,,,,,,,,,,,,,,,
73,Control Para Smart Tv Pc O Laptop,DO,None,Televisores,$,,500,,1,1,None,,https://articulo.mercadolibre.com.do/MRD-527783658-control-para-smart-tv-pc-o-laptop-_JM#position=36&search_layout=stack&type=item&tracking_id=da5f2a53-731a-40fe-9cc7-ad51f629706b,22/03/2023 09:19:51,,,,,,Sí,,,,,,,,,,,,,,,,,,,,,,,,,,,,,,,,,,,
74,Base De Tv,DO,None,Televisores,$,,200,,5,1,None,,https://articulo.mercadolibre.com.do/MRD-526483645-base-de-tv-_JM#position=41&search_layout=stack&type=item&tracking_id=da5f2a53-731a-40fe-9cc7-ad51f629706b,22/03/2023 09:19:57,,,,,,,,,,,,,,,,,,,,,,,,,,,,,,,,,,,,,,,,,
75,Base Tv Soporte Pared De Televisión Giratoria 14 42,DO,None,Televisores,$,,800,,,1,None,,https://articulo.mercadolibre.com.do/MRD-525066715-base-tv-soporte-pared-de-television-giratoria-14-42-_JM#position=44&search_layout=stack&type=item&tracking_id=da5f2a53-731a-40fe-9cc7-ad51f629706b,22/03/2023 09:20:03,,,,,,,,,,,,,,,,,,,,,,,,,,,,,,,,,,,,,,,,,
76,Base Soporte Para Tv Television Pedestal Pared 40 - 80 ,DO,None,Televisores,$,,760,,,1,None,,https://articulo.mercadolibre.com.do/MRD-527330204-base-soporte-para-tv-television-pedestal-pared-40-80-_JM#position=46&search_layout=stack&type=item&tracking_id=da5f2a53-731a-40fe-9cc7-ad51f629706b,22/03/2023 09:20:09,,,,,,,,,,,,,,,,,,,,,,,,,,,,,,,,,,,,,,,,,
77,Nuevo Smart Tv Vizio Serie D De 24 Pulgadas Full Hd 1080p,DO,None,Televisores,$,,3500,,,1,None,,https://articulo.mercadolibre.com.do/MRD-526425887-nuevo-smart-tv-vizio-serie-d-de-24-pulgadas-full-hd-1080p-_JM#position=8&search_layout=stack&type=item&tracking_id=aa58a776-8375-4298-897d-8cbb9d0425,22/03/2023 09:20:16,,,,,,,,,,,,,,,,,,,,,,,,,,,,,,,,,,,,,,,,,
78,Smart Tv De 32 Pulgadas (8 29-) -6 60- 9520-,DO,None,Televisores,$,,8000,,,1,None,,https://articulo.mercadolibre.com.do/MRD-526217493-smart-tv-de-32-pulgadas-8-29-6-60-9520--_JM#position=11&search_layout=stack&type=item&tracking_id=aa58a776-8375-4298-897d-8cbb9d042556,22/03/2023 09:20:22,,,,,,,,,,,,,,,,,,,,,,,,,,,,,,,,,,,,,,,,,
79,Nuevo! Televisor Samsung 4k 43 Pulgadas Uhd. En Caja.,DO,None,Televisores,$,,29000,,,1,None,,https://articulo.mercadolibre.com.do/MRD-526782738-nuevo-televisor-samsung-4k-43-pulgadas-uhd-en-caja-_JM#position=12&search_layout=stack&type=item&tracking_id=aa58a776-8375-4298-897d-8cbb9d042556,22/03/2023 09:20:29,Samsung,UHD,Curve,7,"43 """,,,,Gris,110V/220V,,,,LED,,,,,,,,,,,,,,,,,,,,,,,,,,,
80,Base De Tv Fija De 26 Hasta 63 Pulgadas,DO,None,Televisores,$,,450,,,1,None,,https://articulo.mercadolibre.com.do/MRD-528056672-base-de-tv-fija-de-26-hasta-63-pulgadas-_JM#position=13&search_layout=stack&type=item&tracking_id=aa58a776-8375-4298-897d-8cbb9d042556,22/03/2023 09:20:36,,,,,,,,,,,,,,,,,,,,,,,,,,,,,,,,,,,,,,,,,
81,Fire Tv Stick With Alexa Voice Remote Smart Tv 4k ,DO,None,Televisores,$,,3495,,5,1,None,,https://articulo.mercadolibre.com.do/MRD-524228015-fire-tv-stick-with-alexa-voice-remote-smart-tv-4k-_JM#position=14&search_layout=stack&type=item&tracking_id=aa58a776-8375-4298-897d-8cbb9d042556,22/03/2023 09:20:42,,,,,,Sí,,,,,,,,,Sí,,,,,,,,,,,,,,,,,,,,,,,,,,
82,Smart Tv 55 Pulgada,DO,None,Televisores,$,,24000,,,1,None,,https://articulo.mercadolibre.com.do/MRD-526217983-smart-tv-55-pulgada-_JM#position=15&search_layout=stack&type=item&tracking_id=aa58a776-8375-4298-897d-8cbb9d042556,22/03/2023 09:20:48,,,,,,,,,,,,,,,,,,,,,,,,,,,,,,,,,,,,,,,,,
83,Control Remoto Tcl Smart Tv,DO,None,Televisores,$,,600,,,1,None,,https://articulo.mercadolibre.com.do/MRD-525099275-control-remoto-tcl-smart-tv-_JM#position=16&search_layout=stack&type=item&tracking_id=aa58a776-8375-4298-897d-8cbb9d042556,22/03/2023 09:20:55,TCL,,smart,,"32 """,Sí,,,,,,,,,,,,,,,,,,,,,,,,,,,,,,,,,,,
84,Television Tcl ,DO,None,Televisores,$,,14000,,,1,None,,https://articulo.mercadolibre.com.do/MRD-527601564-television-tcl-_JM#position=20&search_layout=stack&type=item&tracking_id=aa58a776-8375-4298-897d-8cbb9d042556,22/03/2023 09:21:00,TCL,,,,"32 """,Sí,Sí,Sí,Negro,,,Sí,No,,Sí,Sí,,,,,,,,,,,,,,,,,,,,,,,,,
85,Control Remoto Para Televisores Sony Smart,DO,None,Televisores,$,,600,,,1,None,,https://articulo.mercadolibre.com.do/MRD-525053775-control-remoto-para-televisores-sony-smart-_JM#position=21&search_layout=stack&type=item&tracking_id=aa58a776-8375-4298-897d-8cbb9d042556,22/03/2023 09:21:07,Sony,,smart,,"32 """,Sí,,,,,,,,,,,,,,,,,,,,,,,,,,,,,,,,,,,
86,Smart Tv 55 Pulgadas (8 29-) -6 60- 9520- ,DO,None,Televisores,$,,24000,,,1,None,,https://articulo.mercadolibre.com.do/MRD-526230517-smart-tv-55-pulgadas-8-29-6-60-9520--_JM#position=23&search_layout=stack&type=item&tracking_id=aa58a776-8375-4298-897d-8cbb9d042556,22/03/2023 09:21:14,,,,,,,,,,,,,,,,,,,,,,,,,,,,,,,,,,,,,,,,,
87,Smart Tv 32 Pulgada,DO,None,Televisores,$,,8000,,,1,None,,https://articulo.mercadolibre.com.do/MRD-526464437-smart-tv-32-pulgada-_JM#position=24&search_layout=stack&type=item&tracking_id=aa58a776-8375-4298-897d-8cbb9d042556,22/03/2023 09:21:20,Samsung,TV,Smart TV,,"32 """,Sí,,,,,,,,,,,,,,,,,,,,,,,,,,,,,,,,,,,
88,"Venta Tv LG Smart  32 Pulgadas Nueva En Rd$ 14,000",DO,None,Televisores,$,,14000,,,1,None,,https://articulo.mercadolibre.com.do/MRD-527095686-venta-tv-lg-smart-32-pulgadas-nueva-en-rd-14000-_JM#position=26&search_layout=stack&type=item&tracking_id=aa58a776-8375-4298-897d-8cbb9d042556,22/03/2023 09:21:27,LG,Smart,,,"32 """,Sí,Sí,Sí,Negro,,,,,,Sí,,,,,,,,,,,,,,,,,,,,,,,,,,
89,Control Remoto Para Televisores Tcl Smart Tv,DO,None,Televisores,$,,600,,,1,None,,https://articulo.mercadolibre.com.do/MRD-525047275-control-remoto-para-televisores-tcl-smart-tv-_JM#position=29&search_layout=stack&type=item&tracking_id=aa58a776-8375-4298-897d-8cbb9d042556,22/03/2023 09:21:33,TCL,,smart,,"32 """,Sí,,,,,,,,,,,,,,,,,,,,,,,,,,,,,,,,,,,
90,Smart Tv 55 Pulgada ,DO,None,Televisores,$,,24000,,,1,None,,https://articulo.mercadolibre.com.do/MRD-526425461-smart-tv-55-pulgada-_JM#position=31&search_layout=stack&type=item&tracking_id=aa58a776-8375-4298-897d-8cbb9d042556,22/03/2023 09:21:41,Samsung,TV,Smart TV,,"55 """,Sí,,,,,,,,,,,,,,,,,,,,,,,,,,,,,,,,,,,
91,Samsung M5 Series 32-inch Fhd Smart Monitor & Streaming Tv,DO,None,Televisores,$,,8000,,,1,None,,https://articulo.mercadolibre.com.do/MRD-526626890-samsung-m5-series-32-inch-fhd-smart-monitor-streaming-tv-_JM#position=34&search_layout=stack&type=item&tracking_id=aa58a776-8375-4298-897d-8cbb9d0425,22/03/2023 09:21:47,,,,,,,,,,,,,,,,,,,,,,,,,,,,,,,,,,,,,,,,,
92,Control Remoto Para Televisores Tcl Smart Tv,DO,None,Televisores,$,,600,,,1,None,,https://articulo.mercadolibre.com.do/MRD-526803094-control-remoto-para-televisores-tcl-smart-tv-_JM#position=37&search_layout=stack&type=item&tracking_id=aa58a776-8375-4298-897d-8cbb9d042556,22/03/2023 09:21:53,TCL,SMART,,,"32 """,Sí,,,,,,,,,,,,,,,,,,,,,,,,,,,,,,,,,,,
93,Televisores Smart Tv Totalmente Nuevos Diferentes Modelos ,DO,None,Televisores,$,,20000,,,1,None,,https://articulo.mercadolibre.com.do/MRD-528043932-televisores-smart-tv-totalmente-nuevos-diferentes-modelos-_JM#position=41&search_layout=stack&type=item&tracking_id=aa58a776-8375-4298-897d-8cbb9d042,22/03/2023 09:22:00,LG,2020,Smart TV android,2p,"65 """,Sí,Sí,Sí,,,,Sí,Sí,,Sí,Sí,,,,,,,,,,,,,,,,,,,,,,,,,
94,Smart Tv Tcl De 32 Pulgadas,DO,None,Televisores,$,,10000,,,1,None,,https://articulo.mercadolibre.com.do/MRD-528057300-smart-tv-tcl-de-32-pulgadas-_JM#position=43&search_layout=stack&type=item&tracking_id=aa58a776-8375-4298-897d-8cbb9d042556,22/03/2023 09:22:07,,,,,,,,,,,,,,,,,,,,,,,,,,,,,,,,,,,,,,,,,
95,Smart Tv De 24 Pulgadas De La Marca Onn,DO,None,Televisores,$,,7990,,,1,None,,https://articulo.mercadolibre.com.do/MRD-528069916-smart-tv-de-24-pulgadas-de-la-marca-onn-_JM#position=44&search_layout=stack&type=item&tracking_id=aa58a776-8375-4298-897d-8cbb9d042556,22/03/2023 09:22:15,,,,,,,,,,,,,,,,,,,,,,,,,,,,,,,,,,,,,,,,,
96,Smart Tv 32 Pulgadas + Base Incluida,DO,None,Televisores,$,,11300,,,1,None,,https://articulo.mercadolibre.com.do/MRD-528071118-smart-tv-32-pulgadas-base-incluida-_JM#position=45&search_layout=stack&type=item&tracking_id=aa58a776-8375-4298-897d-8cbb9d042556,22/03/2023 09:22:21,,,,,,,,,,,,,,,,,,,,,,,,,,,,,,,,,,,,,,,,,
97,Smart Tv Hisense De 55 Pulgadas Clase R6 Hdr 4k Uhd Roku,DO,None,Televisores,$,,5500,,,1,None,,https://articulo.mercadolibre.com.do/MRD-526562326-smart-tv-hisense-de-55-pulgadas-clase-r6-hdr-4k-uhd-roku-_JM#position=47&search_layout=stack&type=item&tracking_id=aa58a776-8375-4298-897d-8cbb9d0425,22/03/2023 09:22:27,Hisense,R6 Series,55R6G,55R6G,"32 """,Sí,,,,,,,,,Sí,,,,,,,,,,,,,,,,,,,,,,,,,,
98,Base De Tv,DO,None,Televisores,$,,700,,1,1,None,,https://articulo.mercadolibre.com.do/MRD-527445592-base-de-tv-_JM#position=48&search_layout=stack&type=item&tracking_id=aa58a776-8375-4298-897d-8cbb9d042556,22/03/2023 09:22:33,,,,,,,,,,,,,,,,,,,,,,,,,,,,,,,,,,,,,,,,,
99,Todo Tipo De Base Para Tv,DO,None,Televisores,$,,350,,1,1,None,,https://articulo.mercadolibre.com.do/MRD-528043688-todo-tipo-de-base-para-tv-_JM#position=49&search_layout=stack&type=item&tracking_id=aa58a776-8375-4298-897d-8cbb9d042556,22/03/2023 09:22:40,,,,,,,,,,,,,,,,,,,,,,,,,,,,,,,,,,,,,,,,,
