,name,Country Code,rating,category,Currency,original_price,offer_price,discount_percentage,sales,quantity_available,state,reviews,scrape_link,date_scraped,Marca,Línea,Modelo,Modelo alfanumérico,Color,Voltaje,Es smart,Es 3D,Es curvo,Es portátil,Tipo de pantalla,Tamaño de la pantalla,Tipo de resolución,Con HDR,Resolución máxima,Ángulo de visión horizontal,Ángulo de visión vertical,Relación de aspecto,Con USB,Con HDMI,Con Wi-Fi,Cantidad de núcleos del procesador,Capacidad de almacenamiento,Sistema operativo,Con apagado automático,Ancho x Profundidad x Altura,Cantidad de parlantes,Potencia máxima de los parlantes,Accesorios incluidos,Apps integradas,Cantidad de puertos HDMI,Cantidad de puertos USB,Con ethernet,Con VGA,Peso,Ancho con soporte,Profundidad con soporte,Altura con soporte,Peso con soporte,Modos de sonido,Relación de contraste,Brillo,Tiempo de respuesta,Con Bluetooth,Con entrada S/PDIF,Con entrada por video componentes,Con entrada por video compuesto,Con entrada de antena RF,Con comando de voz integrado,Asistentes virtuales integrados,Frecuencia,Con sistema de montaje VESA incorporado,Con función screen share,Frecuencia de actualización de la pantalla,Países con control mágico incluido,Con cables ocultos
0,Smart Tv Motorola Android Tv 43 Fullhd + Hdr + Comando De Voz + Bluetooth,UY,4.8,Televisores,U$S,469,333,28,100,629,(629 disponibles),84,https://www.mercadolibre.com.uy/smart-tv-motorola-android-tv-43-fullhd-hdr-comando-de-voz-bluetooth/p/MLU19738325?pdp_filters=category:MLU1002#searchVariation=MLU19738325&position=3&search_layout=grid,22/03/2023 12:58:08,Motorola,Smart TV,MOT43FLC13,BCDH-43A,Negro,110V/240V,Sí,No,No,No,LCD,"43 """,Full HD,Sí,1920 px - 1080 px,178°,178°,16:9,Sí,Sí,Sí,,,,,,,,,,,,,,,,,,,,,,,,,,,,,,,,,,,
1,"Smart TV Enxuta LEDENX1232SDF2KA HD 32"" 110V/240V",UY,4.5,Televisores,U$S,,167,50,1000,1000,(1000 disponibles),164,https://www.mercadolibre.com.uy/smart-tv-enxuta-ledenx1232sdf2ka-hd-32-110v240v/p/MLU16639088?pdp_filters=category:MLU1002#searchVariation=MLU16639088&position=4&search_layout=grid&type=product&tracki,22/03/2023 12:58:12,Enxuta,,LEDENX1232SDF2KA,,,110V/240V,Sí,,,,LED,"32 """,HD,,1366 px - 768 px,,,16:9,Sí,Sí,Sí,4,4 GB,Android Nougat,Sí,731.5 mm x 88.1 mm x 433.4 mm,4,80 W,"Control remoto, Baterías, Manual, Soporte para la mesa",Web browser,2,2,Sí,Sí,,,,,,,,,,,,,,,,,,,,,,
2,Smart Tv Motorola Android Tv 55 Uhd 4k Hdr + Comando De Voz + Bluetooth,UY,4.8,Televisores,U$S,752,569,24,100,712,(712 disponibles),57,https://www.mercadolibre.com.uy/smart-tv-motorola-android-tv-55-uhd-4k-hdr-comando-de-voz-bluetooth/p/MLU19745921?pdp_filters=category:MLU1002#searchVariation=MLU19745921&position=5&search_layout=grid,22/03/2023 12:58:16,Motorola,Smart TV,MOT55ULC13,BCDH-55,Negro,110V/240V,Sí,No,No,No,LCD,"55 """,4K,Sí,3840 px - 2160 px,176°,176°,16:9,Sí,Sí,Sí,4,8 GB,Android 11,Sí,122.8 cm x 7.3 cm x 71.1 cm,2,16 W,Control remoto,"Disney+, Netflix, YouTube",3,2,Sí,No,12.5 kg,122.8 cm,29.9 cm,76.3 cm,12.8 kg,Dolby Digital,1200:1,300 cd/m²,9 ms,Sí,Sí,Sí,Sí,Sí,Sí,Google Assistant,,,,,,
3,"Smart TV LG AI ThinQ 43UP7500PSF LCD 4K 43"" 100V/240V",UY,4.8,Televisores,U$S,759,469,38,1000,969,(969 disponibles),230,https://www.mercadolibre.com.uy/smart-tv-lg-ai-thinq-43up7500psf-lcd-4k-43-100v240v/p/MLU18241783?pdp_filters=category:MLU1002#searchVariation=MLU18241783&position=8&search_layout=grid&type=product&tr,22/03/2023 12:58:28,LG,AI ThinQ,43UP7500,43UP7500PSF,,100V/240V,Sí,,No,,LCD,"43 """,4K,Sí,3840 px - 2160 px,,,16:9,Sí,Sí,Sí,4,,webOS 6.0,Sí,973 mm x 85 mm x 572 mm,2,20 W,"Control remoto, Baterías, Cable de alimentación, Manual, Soporte para la mesa, Tornillos","Apple TV, Netflix, Disney+, YouTube, HBO Go, Spotify, Movistar Play, Zapping TV, Web browser, LG Content Store, LG Channels",2,1,Sí,No,8 kg,973 mm,187 mm,611 mm,8.1 kg,"Ultra Surround, AI Sound, Clear Voice, LG Sound Sync, Dolby Digital, Sound Mode Sync, AI Acoustic Tuning, Sound Share, Sound Alive, Dolby Digital Plus",,,,Sí,Sí,,,Sí,Sí,ThinQ AI,50 Hz x 60 Hz,Sí,Sí,120 Hz,,
4,"Smart TV LG AI ThinQ 50UP7500PSF LCD 4K 50"" 100V/240V",UY,4.6,Televisores,U$S,969,599,38,100,834,(834 disponibles),45,https://www.mercadolibre.com.uy/smart-tv-lg-ai-thinq-50up7500psf-lcd-4k-50-100v240v/p/MLU18546699?pdp_filters=category:MLU1002#searchVariation=MLU18546699&position=14&search_layout=grid&type=product&t,22/03/2023 12:58:50,LG,AI ThinQ,50UP7500,50UP7500PSF,,100V/240V,Sí,,,,LCD,"50 """,4K,Sí,3840 px - 2160 px,,,16:9,Sí,Sí,Sí,4,,webOS 6.0,Sí,1130 mm x 86.3 mm x 663 mm,2,20 W,"Cable de alimentación, Base, Manual, Baterías, Control remoto MR21","Disney+, Apple TV, Netflix, Web browser, HBO Go, YouTube, Spotify, Movistar Play, Zapping TV, LG Channels, Music Player, LG Content Store",2,1,Sí,No,11.3 kg,1130 mm,235 mm,719 mm,11.4 kg,"Ultra Surround, AI Sound, Clear Voice, OLED Surround, Sound Share, Sound Mode Sync, LG Sound Sync, Dolby Digital, Sound Alive, AI Sound Pro",,,,Sí,Sí,,,Sí,Sí,"ThinQ AI, Google Assistant, Alexa",50 Hz x 60 Hz,Sí,Sí,60 Hz,"Colombia, México",
5,"Smart TV LG AI ThinQ 43LM6370PSB LED Full HD 43"" 100V/240V",UY,4.8,Televisores,U$S,639,399,37,100,805,(805 disponibles),80,https://www.mercadolibre.com.uy/smart-tv-lg-ai-thinq-43lm6370psb-led-full-hd-43-100v240v/p/MLU18455206?pdp_filters=category:MLU1002#searchVariation=MLU18455206&position=16&search_layout=grid&type=prod,22/03/2023 12:58:57,LG,AI ThinQ,43LM6370,43LM6370PSB,,100V/240V,Sí,,,,LED,"43 """,Full HD,Sí,1920 px - 1080 px,,,16:9,Sí,Sí,Sí,4,,,,973 mm x 85 mm x 572 mm,2,20 W,"Control remoto, Manual, Cable de alimentación, Baterías, Base, Tornillos","Web browser, LG Content Store, LG Channels, YouTube, Netflix, Music Player",3,2,Sí,,8 kg,973 mm,216 mm,623 mm,8.1 kg,"Virtual Surround Plus, Dolby Audio, Virtual Surround, Clear Voice, DTS Decoder, LG Sound Sync",,,,Sí,Sí,Sí,Sí,Sí,Sí,ThinQ AI,50 Hz x 60 Hz,Sí,Sí,60 Hz,,
6,"Smart TV Samsung Series 4 UN32T4300AGXUG LED HD 32"" 100V/240V",UY,4.8,Televisores,U$S,399,257,35,500,581,(581 disponibles),116,https://www.mercadolibre.com.uy/smart-tv-samsung-series-4-un32t4300agxug-led-hd-32-100v240v/p/MLU17974125?pdp_filters=category:MLU1002#searchVariation=MLU17974125&position=17&search_layout=grid&type=p,22/03/2023 12:59:00,Samsung,Series 4,UN32T4300,UN32T4300AGXUG,,100V/240V,Sí,,No,,LED,"32 """,HD,Sí,1366 px - 768 px,,,16:9,Sí,Sí,Sí,,,Tizen,Sí,737.4 mm x 74.1 mm x 438 mm,2,10 W,"Control remoto TM1240A, Baterías, Manual, Manual electrónico, Cable de alimentación","Gallery, Web browser, Netflix, Prime Video, Hulu, Apple TV, Disney+, Google Play Movies & TV, Vudu, YouTube, YouTube TV, ESPN",2,1,Sí,,4 kg,,,,,Dolby Digital Plus,,,,No,,,,,,,50 Hz x 60 Hz,Sí,Sí,,,
7,"Smart TV Philips 6800 Series 32PHD6825/77 LED HD 32"" 110V/240V",UY,None,Televisores,$,,8990,,100,9,(9 disponibles),,https://www.mercadolibre.com.uy/smart-tv-philips-6800-series-32phd682577-led-hd-32-110v240v/p/MLU18369376?pdp_filters=category:MLU1002#searchVariation=MLU18369376&position=18&search_layout=grid&type=p,22/03/2023 12:59:03,Philips,6800 Series,32PHD6825,32PHD6825/77,,110V/240V,Sí,No,No,No,LED,"32 """,HD,Sí,1366 px - 768 px,,,16:9,Sí,Sí,Sí,,,Saphi,Sí,719.2 mm x 75.6 mm x 425.7 mm,2,10 W,"Control remoto, Baterías, Soporte para la mesa, Cable de alimentación, Guía de instalación","YouTube, Netflix, Prime Video, Web browser",3,2,Sí,,4 kg,719.2 mm,177.4 mm,486.2 mm,4.1 kg,Surround,,,,,Sí,,,Sí,,,50 Hz x 60 Hz,Sí,Sí,,,
8,"Smart TV North Tech SMS Series NT-32SMS LED HD 32"" 100V/240V",UY,4.6,Televisores,U$S,169,152,10,1000,9,(9 disponibles),337,https://www.mercadolibre.com.uy/smart-tv-north-tech-sms-series-nt-32sms-led-hd-32-100v240v/p/MLU8679281?pdp_filters=category:MLU1002#searchVariation=MLU8679281&position=21&search_layout=grid&type=prod,22/03/2023 12:59:13,North Tech,SMS Series,NT-32SMS,,,100V/240V,Sí,,,,LED,"32 """,HD,,1366 px - 768 px,178°,178°,16:9,Sí,Sí,Sí,,4 GB,Android TV,,,2,16 W,"Control remoto, Baterías, Cable de alimentación",,3,2,,Sí,,,,,,,1200:1,,,,,,,,,,,,,,,
9,"Smart TV Samsung Crystal UHD UN65BU8000GXZD LED 4K 65"" 100V/240V",UY,4.6,Televisores,U$S,1499,1119,25,50,939,(939 disponibles),10,https://www.mercadolibre.com.uy/smart-tv-samsung-crystal-uhd-un65bu8000gxzd-led-4k-65-100v240v/p/MLU19725706?pdp_filters=category:MLU1002#searchVariation=MLU19725706&position=24&search_layout=grid&typ,22/03/2023 12:59:24,Samsung,Crystal UHD,UN65BU8000G,UN65BU8000GXZD,,100V/240V,Sí,,No,,LED,"65 """,4K,Sí,3840 px - 2160 px,,,16:9,Sí,Sí,Sí,,,Tizen,Sí,1450.9 mm x 25.7 mm x 831.9 mm,2,20 W,"Smart control TM2280E, Manual, Manual electrónico, Cable de alimentación","Samsung TV Plus, Netflix, Prime Video, GloboPlay, Disney+, Apple TV, YouTube, Web browser, Home Yoga, Music, SmartThings",3,2,Sí,,20.9 kg,1450.9 mm,281.8 mm,869.6 mm,21.3 kg,"Dolby Digital Plus, Adaptive Sound, Q-Symphony",,,,Sí,Sí,No,No,Sí,Sí,"Google Assistant, Alexa, Bixby",50 Hz x 60 Hz,Sí,Sí,60 Hz,,
10,Smart Tv Greenwind 32 Hd,UY,4.6,Televisores,U$S,249,139,44,100,614,(614 disponibles),43,https://www.mercadolibre.com.uy/smart-tv-greenwind-32-hd/p/MLU21351055?pdp_filters=category:MLU1002#searchVariation=MLU21351055&position=25&search_layout=grid&type=product&tracking_id=0b375091-8b04-4f,22/03/2023 12:59:28,Greenwind,Smart TV,GW32HD,,Negro,220V,Sí,No,No,Sí,LED,"32 """,HD,No,1366x768,176°,176°,16:9,Sí,Sí,Sí,2,4 GB,Linux,Sí,72.6 cm x 8.2 cm x 42.7 cm,2,5 W,Manual; control remoto; pilas;,,2,2,Sí,No,3.5 kg,72.6 cm,18 cm,48.2 cm,3.6 kg,"Standard, Music, Movie, Sports, Personal",3000:1,,6.5 ms,No,Sí,,,,No,,50/60Hz,Sí,No,,,No
11,"Smart TV Philips 7000 Series 55PUD7406/77 LED 4K 55"" 110V/240V",UY,4.8,Televisores,U$S,949,740,22,50,3,(3 disponibles),21,https://www.mercadolibre.com.uy/smart-tv-philips-7000-series-55pud740677-led-4k-55-110v240v/p/MLU18647649?pdp_filters=category:MLU1002#searchVariation=MLU18647649&position=27&search_layout=grid&type=p,22/03/2023 12:59:35,Philips,7000 Series,55PUD7406,55PUD7406/77,,110V/240V,Sí,,,,LED,"55 """,4K,Sí,3840 px - 2160 px,,,16:9,Sí,Sí,Sí,4,8 GB,Android 10,Sí,1226.8 mm x 86.6 mm x 711.8 mm,2,20 W,"Control remoto, Cable de alimentación, Soporte para la mesa, Baterías, Manual, Guía de instalación","Prime Video, Disney+, YouTube, Netflix, Web browser, GloboPlay",4,2,Sí,,11.6 kg,1226.8 mm,248 mm,743 mm,11.8 kg,"Dolby Atmos, AI Sound",,,,Sí,Sí,,,Sí,Sí,Google Assistant,50 Hz x 60 Hz,Sí,,,,
12,"Smart TV TCL P615-Series 50P615-AP DLED 4K 50"" 100V/240V",UY,4.7,Televisores,U$S,,459,,100,1,None,53,https://www.mercadolibre.com.uy/smart-tv-tcl-p615-series-50p615-ap-dled-4k-50-100v240v/p/MLU16266565?pdp_filters=category:MLU1002#searchVariation=MLU16266565&position=30&search_layout=grid&type=produc,22/03/2023 12:59:45,TCL,P615-Series,50P615,50P615-AP,,100V/240V,Sí,,,,DLED,"50 """,4K,Sí,3840 px - 2160 px,178°,178°,16:9,Sí,Sí,Sí,,16 GB,Android Pie,Sí,,2,19 W,"Cable de alimentación, Tornillos, Manual, Control remoto RC901V, Soporte para la mesa","Google Play Movies & TV, Google Play Music, Google Play Games, Google Play Store, YouTube, Netflix, Prime Video, Centro de medios, E-Sticker",2,2,Sí,,17.2 kg,,,,17.3 kg,"Dolby Audio, Dolby Atmos",5000:1,270 cd/m²,9.5 ms,Sí,,,,,Sí,AI-IN,,Sí,Sí,,,
13,"Smart TV LG AI ThinQ 65UP7750PSB LED 4K 65"" 100V/240V",UY,4.8,Televisores,U$S,1499,999,33,25,73,(73 disponibles),9,https://www.mercadolibre.com.uy/smart-tv-lg-ai-thinq-65up7750psb-led-4k-65-100v240v/p/MLU18453147?pdp_filters=category:MLU1002#searchVariation=MLU18453147&position=32&search_layout=grid&type=product&t,22/03/2023 12:59:53,LG,AI ThinQ,65UP7750,65UP7750PSB,,100V/240V,Sí,,,,LED,"65 """,4K,Sí,3840 px - 2160 px,,,16:9,Sí,Sí,Sí,4,,webOS 6.0,,1454 mm x 57.5 mm x 838 mm,2,20 W,"Control remoto, Cable de alimentación, Tornillos, Baterías, Manual","Netflix, Disney+, Apple TV, Prime Video, Music Player, LG Content Store, Web browser, LG ThinQ",3,2,Sí,,21.38 kg,1454 mm,269 mm,906 mm,21.72 kg,"Dolby Digital, Ultra Surround, AI Sound",,,,Sí,Sí,,,Sí,Sí,"ThinQ AI, Google Assistant, Alexa",50 Hz x 60 Hz,Sí,Sí,60 Hz,Brasil,
14,"Smart TV Panavox 32 android LED HD 32"" 220V",UY,None,Televisores,$,,8926,,100,8,(8 disponibles),,https://www.mercadolibre.com.uy/smart-tv-panavox-32-android-led-hd-32-220v/p/MLU18596232?pdp_filters=category:MLU1002#searchVariation=MLU18596232&position=33&search_layout=grid&type=product&tracking_i,22/03/2023 12:59:57,Panavox,,32 android,,,220V,Sí,,,,LED,"32 """,HD,,1366 px - 768 px,89°,89°,16:9,Sí,Sí,Sí,4,8 GB,Android Pie,,71.7 cm x 8.6 cm x 42.7 cm,2,12 W,,"Netflix, YouTube, Google Play Store, HBO Max, Disney+, Prime Video",2,2,Sí,,,71.7 cm,16 cm,46.9 cm,,"Stereo, DTS Studio Sound",,320 cd/m²,6.5 ms,Sí,Sí,,Sí,Sí,Sí,,,,Sí,,,
15,"Smart TV Sony X80K Series KD-65X80K LCD 4K 65"" 110V/240V",UY,5.0,Televisores,U$S,1399,1299,7,25,25,(25 disponibles),5,https://www.mercadolibre.com.uy/smart-tv-sony-x80k-series-kd-65x80k-lcd-4k-65-110v240v/p/MLU19886612?pdp_filters=category:MLU1002#searchVariation=MLU19886612&position=34&search_layout=grid&type=produc,22/03/2023 13:00:01,Sony,X80K Series,KD-65X80K,,,110V/240V,Sí,,No,,LCD,"65 """,4K,Sí,3840 px - 2160 px,,,16:9,Sí,Sí,Sí,,16 GB,Android TV,Sí,1452 mm x 72 mm x 836 mm,2,20 W,"Soporte para la mesa, Manual, Control remoto, Cable de alimentación, Guía de instalación, Baterías",Google Play Store,4,2,Sí,,21.7 kg,1452 mm,338 mm,905 mm,22.6 kg,"X-Balanced Speaker, DTS Digital Surround, Dolby Audio, Dolby Atmos",,,,Sí,Sí,No,,Sí,Sí,,50 Hz x 60 Hz,Sí,Sí,60 Hz,,
16,"Smart TV LG AI ThinQ 60UP7750PSB LCD 4K 60"" 100V/240V",UY,4.9,Televisores,U$S,1065,990,7,50,17,(17 disponibles),9,https://www.mercadolibre.com.uy/smart-tv-lg-ai-thinq-60up7750psb-lcd-4k-60-100v240v/p/MLU18517645?pdp_filters=category:MLU1002#searchVariation=MLU18517645&position=40&search_layout=grid&type=product&t,22/03/2023 13:00:22,LG,AI ThinQ,60UP7750,60UP7750PSB,,100V/240V,Sí,,,,LCD,"60 """,4K,Sí,3840 px - 2160 px,,,16:9,Sí,Sí,Sí,4,,webOS 6.0,Sí,1356 mm x 57.5 mm x 783 mm,2,20 W,"Cable de alimentación, Control remoto, Base, Baterías, Tornillos, Manual","Web browser, Apple TV, Disney+, Netflix, HBO Go, Spotify, Movistar Play, Zapping TV, LG Content Store, Music Player",3,2,Sí,No,17.1 kg,1356 mm,269 mm,852 mm,17.4 kg,"Ultra Surround, Clear Voice, AI Sound, AI Acoustic Tuning, Clear Voice III, AI Sound Pro",,,,Sí,Sí,,,Sí,Sí,"ThinQ AI, Google Assistant, Alexa",50 Hz x 60 Hz,Sí,Sí,60 Hz,"Colombia, Chile, Brasil, Argentina",
17,"Smart TV Philips 43PFD6825/55 LED Full HD 43"" 110V/240V",UY,None,Televisores,U$S,,379,,100,998,(998 disponibles),,https://www.mercadolibre.com.uy/smart-tv-philips-43pfd682555-led-full-hd-43-110v240v/p/MLU18365855?pdp_filters=category:MLU1002#searchVariation=MLU18365855&position=41&search_layout=grid&type=product&,22/03/2023 13:00:25,Philips,,43PFD6825,43PFD6825/55,,110V/240V,Sí,,No,,LED,"43 """,Full HD,Sí,1920 px - 1080 px,,,16:9,Sí,Sí,Sí,,,Saphi,Sí,955.1 mm x 71.8 mm x 557.9 mm,2,16 W,"Control remoto, Baterías, Soporte para la mesa, Cable de alimentación, Guía de instalación, Manual","Netflix, YouTube, Prime Video",3,1,Sí,,6.3 kg,955.1 mm,232.7 mm,617 mm,6.5 kg,Surround,,,,,Sí,,,Sí,,,50 Hz x 60 Hz,Sí,Sí,,,
18,"Smart TV JVC LT-65N885U DLED 4K 65"" 110V/220V",UY,4.6,Televisores,U$S,990,647,34,100,866,(866 disponibles),45,https://www.mercadolibre.com.uy/smart-tv-jvc-lt-65n885u-dled-4k-65-110v220v/p/MLU17378504?pdp_filters=category:MLU1002#searchVariation=MLU17378504&position=43&search_layout=grid&type=product&tracking_,22/03/2023 13:00:32,JVC,,LT-65N885U,,,110V/220V,Sí,,,,DLED,"65 """,4K,Sí,3840 px - 2160 px,,,16:9,Sí,Sí,Sí,,,Android Nougat,,146.2 cm x 9.4 cm x 84.5 cm,2,16 W,,,3,2,Sí,Sí,,,,,,,5000:1,400 cd/m²,8 ms,,,,,,,,,Sí,Sí,,,
19,"Smart TV Samsung Series 4 UN32T4310AGXUG LED HD 32"" 100V/240V",UY,4.7,Televisores,U$S,357,267,25,100,709,(709 disponibles),92,https://www.mercadolibre.com.uy/smart-tv-samsung-series-4-un32t4310agxug-led-hd-32-100v240v/p/MLU18470470?pdp_filters=category:MLU1002#searchVariation=MLU18470470&position=44&search_layout=grid&type=p,22/03/2023 13:00:36,Samsung,Series 4,UN32T4310AG,UN32T4310AGXUG,,100V/240V,Sí,,,,LED,"32 """,HD,Sí,1366 px - 768 px,,,16:9,Sí,Sí,Sí,,,Tizen,Sí,737.4 mm x 74.1 mm x 438 mm,2,10 W,"Manual, Manual electrónico, Cable de alimentación, Control remoto TM1240A, Baterías","Web browser, Gallery",2,1,Sí,,4 kg,,,,,Dolby Digital Plus,,,,,,,,,,,50 Hz x 60 Hz,Sí,Sí,,,
20,"Smart TV Microsonic LEDDGSM32J1 HD 32"" 100V/240V",UY,4.7,Televisores,U$S,,172,,100,1000,(1000 disponibles),27,https://www.mercadolibre.com.uy/smart-tv-microsonic-leddgsm32j1-hd-32-100v240v/p/MLU17076530?pdp_filters=category:MLU1002#searchVariation=MLU17076530&position=47&search_layout=grid&type=product&tracki,22/03/2023 13:00:46,Microsonic,,LEDDGSM32J1,,,100V/240V,Sí,,,,LED,"32 """,HD,,1366 px - 768 px,,,16:9,Sí,Sí,Sí,,,Android TV,Sí,73.1 cm x 20.9 cm x 47.4 cm,2,16 W,"Control remoto, Cable de alimentación",,3,2,,,3.72 kg,,,,,,,,,,,,,,,,,,,,,
21,Smart Tv Greenwind 40  Fhd,UY,4.8,Televisores,U$S,374,269,28,100,193,(193 disponibles),14,https://www.mercadolibre.com.uy/smart-tv-greenwind-40-fhd/p/MLU22023226?pdp_filters=category:MLU1002#searchVariation=MLU22023226&position=48&search_layout=grid&type=product&tracking_id=0b375091-8b04-4,22/03/2023 13:00:50,Greenwind,Smart TV,GW40FHD,,Negro,220V,Sí,No,No,Sí,DLED,"40 """,Full HD,Sí,1920 x 1080 PX,178°,178°,16:9,Sí,Sí,Sí,2,1 GB,Linux,Sí,90.4 cm x 8.5 cm x 51.6 cm,2,8 W,"Baterías, Patas de apoyo, Control remoto, Manual","Netflix, Prime Video, YouTube",2,2,Sí,No,5.8 kg,90.4 cm,21.2 cm,56.8 cm,5.9 kg,Dolby Digital,5000:1,240 cd/m²,8.5 ms,Sí,Sí,,,Sí,No,,50/60Hz,,Sí,60 Hz,,No
22,"TV Punktal PK-TD236D LED HD 24"" 100V/240V",UY,4.6,Televisores,U$S,,126,,500,4,(4 disponibles),111,https://www.mercadolibre.com.uy/tv-punktal-pk-td236d-led-hd-24-100v240v/p/MLU16266377?pdp_filters=category:MLU1002#searchVariation=MLU16266377&position=49&search_layout=grid&type=product&tracking_id=0,22/03/2023 13:00:54,Punktal,,PK-TD236D,,,100V/240V,,,,,LED,"24 """,HD,,1366 px - 768 px,,,16:9,Sí,Sí,,,,,,552 mm x 151 mm x 366 mm,,,Control remoto,,2,2,,Sí,,,,,,Stereo,,,,,,,,,,,,,No,,,
23,"Smart TV Xion XI-LED32SLIM HD 32"" 220V",UY,None,Televisores,U$S,,166,40,1000,45,(45 disponibles),,https://www.mercadolibre.com.uy/smart-tv-xion-xi-led32slim-hd-32-220v/p/MLU18918008?pdp_filters=category:MLU1002#searchVariation=MLU18918008&position=1&search_layout=grid&type=product&tracking_id=0b37,22/03/2023 13:02:53,,,,,,,,,,,,,,,,,,,,,,,,,,,,,,,,,,,,,,,,,,,,,,,,,,,,,,,,
24,"Smart TV Samsung Series 7 UN50AU7000GCZB LED 4K 50"" 220V - 240V",UY,None,Televisores,U$S,799,599,25,1000,330,(330 disponibles),,https://www.mercadolibre.com.uy/smart-tv-samsung-series-7-un50au7000gczb-led-4k-50-220v-240v/p/MLU18556467?pdp_filters=category:MLU1002#searchVariation=MLU18556467&position=2&search_layout=grid&type=p,22/03/2023 13:03:00,Samsung,Series 7,UN50AU7000G,UN50AU7000GCZB,,220V - 240V,Sí,,,,LED,"50 """,4K,Sí,3840 px - 2160 px,,,16:9,Sí,Sí,Sí,,,Tizen,Sí,1116.8 mm x 59.9 mm x 644.2 mm,2,20 W,"Smart control TM2140A, Baterías, Manual, Cable de alimentación, Adaptador AV, Manual electrónico","Web browser, Gallery, Netflix, Prime Video, Apple TV, YouTube",3,1,Sí,,11.4 kg,1116.8 mm,250.2 mm,719.1 mm,11.6 kg,"Dolby Digital Plus, Q-Symphony",,,,Sí,Sí,,,Sí,,,50 Hz x 60 Hz,Sí,Sí,,,Sí
25,"Smart TV Samsung Series 5 UN43T5300AGXZD LED Full HD 43"" 100V/240V",UY,None,Televisores,U$S,529,399,24,500,19,(19 disponibles),,https://www.mercadolibre.com.uy/smart-tv-samsung-series-5-un43t5300agxzd-led-full-hd-43-100v240v/p/MLU15796379?pdp_filters=category:MLU1002#searchVariation=MLU15796379&position=6&search_layout=grid&ty,22/03/2023 13:03:07,,,,,,,,,,,,,,,,,,,,,,,,,,,,,,,,,,,,,,,,,,,,,,,,,,,,,,,,
26,"Smart TV Samsung Series 7 UN55AU7000GXUG LED 4K 55"" 100V/240V",UY,4.9,Televisores,U$S,899,749,16,100,356,(356 disponibles),40,https://www.mercadolibre.com.uy/smart-tv-samsung-series-7-un55au7000gxug-led-4k-55-100v240v/p/MLU18437318?pdp_filters=category:MLU1002#searchVariation=MLU18437318&position=7&search_layout=grid&type=pr,22/03/2023 13:03:14,Samsung,Series 7,UN55AU7000G,UN55AU7000GXUG,,100V/240V,Sí,,,,LED,"55 """,4K,Sí,3840 px - 2160 px,,,16:9,Sí,Sí,Sí,,,Tizen,Sí,1230.5 mm x 59.9 mm x 707.2 mm,2,20 W,"Smart control TM2140A, Cable de alimentación, Baterías, Manual, Manual electrónico","Gallery, Web browser",3,1,Sí,,13.9 kg,1230.5 mm,250.2 mm,783.3 mm,14.2 kg,"Dolby Digital Plus, Q-Symphony",,,,Sí,Sí,,,Sí,,,50 Hz x 60 Hz,Sí,Sí,,,Sí
27,Smart Tv Motorola Android Tv 50 Uhd 4k Hdr + Comando De Voz + Bluetooth,UY,None,Televisores,U$S,656,499,23,100,767,(767 disponibles),,https://www.mercadolibre.com.uy/smart-tv-motorola-android-tv-50-uhd-4k-hdr-comando-de-voz-bluetooth/p/MLU19738326?pdp_filters=category:MLU1002#searchVariation=MLU19738326&position=9&search_layout=grid,22/03/2023 13:03:20,,,,,,,,,,,,,,,,,,,,,,,,,,,,,,,,,,,,,,,,,,,,,,,,,,,,,,,,
28,Smart Tv Motorola Android Tv 65 Uhd 4k Hdr + Comando De Voz + Bluetooth,UY,4.7,Televisores,U$S,999,769,23,100,785,(785 disponibles),39,https://www.mercadolibre.com.uy/smart-tv-motorola-android-tv-65-uhd-4k-hdr-comando-de-voz-bluetooth/p/MLU19745922?pdp_filters=category:MLU1002#searchVariation=MLU19745922&position=10&search_layout=gri,22/03/2023 13:03:27,Motorola,Smart TV,MOT65ULC13,BCDH-65,Negro,110V/240V,Sí,No,No,No,LCD,"65 """,4K,Sí,3840 px - 2160 px,176°,176°,16:9,Sí,Sí,Sí,4,8 GB,Android TV 11,Sí,144.6 cm x 7.6 cm x 83.5 cm,2,16 W,Control remoto,"Disney+, Netflix, YouTube",3,2,Sí,No,16.5 kg,1112 mm,32.6 cm,88.3 cm,17.1 kg,Dolby Digital,1200:1,330 cd/m²,9.5 ms,Sí,Sí,Sí,Sí,Sí,Sí,Google Assistant,,,,,,
29,None,UY,None,Televisores,None,,,,,1,None,,https://click1.mercadolibre.com.uy/mclics/clicks/external/MLU/count?a=Jwl4aW%2FW6Mku3b%2BkwexDAodG1NXSR5Tql6O%2BBHFkxHRl3id7NQ1B%2BXUsHaoivVLMgKLb1WEoQK9OHxeWxJ0ERdMQFUh83qc5hza%2BAnfbba6bHMVVGxBJRsXc,22/03/2023 13:03:34,,,,,,,,,,,,,,,,,,,,,,,,,,,,,,,,,,,,,,,,,,,,,,,,,,,,,,,,
30,None,UY,None,Televisores,None,,,,,1,None,,https://click1.mercadolibre.com.uy/mclics/clicks/external/MLU/count?a=TVpT9%2Fe8uO79oM2HSkwKB3Htr%2Fx%2BcjjjgZ0SPL9ROhTN38uIJuLUGoeBXTySc1wufojmIZ%2BJpQTbO1XB8bOwAWm5BzXDmDM6yfnqSuFfGTNJhyq9yPn6DwJMCX,22/03/2023 13:03:41,,,,,,,,,,,,,,,,,,,,,,,,,,,,,,,,,,,,,,,,,,,,,,,,,,,,,,,,
31,"Smart TV Asano SMART TV 50 Full HD 50"" 100V/240V",UY,4.7,Televisores,U$S,579,329,43,100,812,(812 disponibles),29,https://www.mercadolibre.com.uy/smart-tv-asano-smart-tv-50-full-hd-50-100v240v/p/MLU19159455?pdp_filters=category:MLU1002#searchVariation=MLU19159455&position=13&search_layout=grid&type=product&tracki,22/03/2023 13:03:48,,,,,,,,,,,,,,,,,,,,,,,,,,,,,,,,,,,,,,,,,,,,,,,,,,,,,,,,
32,"Smart TV Xiaomi Mi TV P1 55 4K 55"" 100V/240V",UY,None,Televisores,U$S,,799,5,100,3,(3 disponibles),,https://www.mercadolibre.com.uy/smart-tv-xiaomi-mi-tv-p1-55-4k-55-100v240v/p/MLU18916946?pdp_filters=category:MLU1002#searchVariation=MLU18916946&position=15&search_layout=grid&type=product&tracking_i,22/03/2023 13:03:54,,,,,,,,,,,,,,,,,,,,,,,,,,,,,,,,,,,,,,,,,,,,,,,,,,,,,,,,
33,"Smart TV Xiaomi L43M6-6A LED 4K 43"" 100V/240V",UY,None,Televisores,U$S,559,419,25,100,84,(84 disponibles),,https://www.mercadolibre.com.uy/smart-tv-xiaomi-l43m6-6a-led-4k-43-100v240v/p/MLU19040941?pdp_filters=category:MLU1002#searchVariation=MLU19040941&position=19&search_layout=grid&type=product&tracking_,22/03/2023 13:04:03,Xiaomi,,Mi TV P1 43,L43M6-6A,,100V/240V,Sí,,,,LED,"43 """,4K,Sí,3840 px - 2160 px,178°,178°,16:9,Sí,Sí,Sí,4,16 GB,Android 10,,962 mm x 85 mm x 556 mm,2,20 W,"Control remoto, Tornillos, Manual, Cable de alimentación, Base","Prime Video, Netflix",3,2,Sí,,7.3 kg,962 mm,205 mm,625 mm,7.4 kg,"Dolby Audio, DTS-HD, Standard",,,,Sí,Sí,,Sí,Sí,Sí,Google Assistant,50 Hz x 60 Hz,,Sí,60 Hz,,
34,"Smart TV Xion XI-LED50-4k 4K 50"" 220V",UY,4.4,Televisores,U$S,639,399,37,100,456,(456 disponibles),59,https://www.mercadolibre.com.uy/smart-tv-xion-xi-led50-4k-4k-50-220v/p/MLU16649643?pdp_filters=category:MLU1002#searchVariation=MLU16649643&position=20&search_layout=grid&type=product&tracking_id=0b37,22/03/2023 13:04:10,,,,,,,,,,,,,,,,,,,,,,,,,,,,,,,,,,,,,,,,,,,,,,,,,,,,,,,,
35,None,UY,None,Televisores,None,,,,,1,None,,https://click1.mercadolibre.com.uy/mclics/clicks/external/MLU/count?a=heOS%2FcltM0lrYgO7w9ZZCj1v2sBzZYQuLZ37Dyk8Zb0zmTBFPMcfXORwC9%2B7N0JiwWVigHLQp1YBInKao75N%2BBTmgYHvgi3ZcXDbZbdShqX9QyfB2Wg4mkDaSyHN,22/03/2023 13:04:18,,,,,,,,,,,,,,,,,,,,,,,,,,,,,,,,,,,,,,,,,,,,,,,,,,,,,,,,
36,None,UY,None,Televisores,None,,,,,1,None,,https://click1.mercadolibre.com.uy/mclics/clicks/external/MLU/count?a=AW6McnojPvHP%2FARIVOZSxumAfkx7RnTJfw3DJ%2B5e6Oo4UAq3%2BHC%2FbGdi7B6I8E6uTgOUVxCpn%2FjEnQgFB2rpLJLUxf4Z2HXM2E9jSkno2nPS3810vqKTGc0e,22/03/2023 13:04:25,,,,,,,,,,,,,,,,,,,,,,,,,,,,,,,,,,,,,,,,,,,,,,,,,,,,,,,,
37,"Smart TV Xion XI-LED43SMART Full HD 43"" 220V",UY,4.5,Televisores,U$S,325,287,11,100,833,(833 disponibles),44,https://www.mercadolibre.com.uy/smart-tv-xion-xi-led43smart-full-hd-43-220v/p/MLU16521869?pdp_filters=category:MLU1002#searchVariation=MLU16521869&position=26&search_layout=grid&type=product&tracking_,22/03/2023 13:04:32,Xion,,XI-LED43SMART,,,220V,Sí,,,,LED,"43 """,Full HD,,1920 px - 1080 px,,,16:9,Sí,Sí,Sí,,,Android TV,,,,,,,3,2,,Sí,,,,,,,,,,,,,,,,,,,,,,
38,"Smart TV LG AI ThinQ 32LM637BPSB LED HD 32"" 100V/240V",UY,None,Televisores,U$S,409,257,37,100,406,(406 disponibles),,https://www.mercadolibre.com.uy/smart-tv-lg-ai-thinq-32lm637bpsb-led-hd-32-100v240v/p/MLU18443882?pdp_filters=category:MLU1002#searchVariation=MLU18443882&position=28&search_layout=grid&type=product&t,22/03/2023 13:04:38,,,,,,,,,,,,,,,,,,,,,,,,,,,,,,,,,,,,,,,,,,,,,,,,,,,,,,,,
39,"Smart TV Xiaomi Mi TV P1 50 LED 4K 50"" 100V/240V",UY,4.7,Televisores,U$S,649,499,23,50,96,(96 disponibles),19,https://www.mercadolibre.com.uy/smart-tv-xiaomi-mi-tv-p1-50-led-4k-50-100v240v/p/MLU18926048?pdp_filters=category:MLU1002#searchVariation=MLU18926048&position=29&search_layout=grid&type=product&tracki,22/03/2023 13:04:44,Xiaomi,,Mi TV P1 50,,,100V/240V,Sí,,,,LED,"50 """,4K,Sí,3840 px - 2160 px,178°,178°,16:9,Sí,Sí,Sí,4,16 GB,Android 10,,1117.2 mm x 83.6 mm x 652.5 mm,2,20 W,"Control remoto, Manual, Cable de alimentación, Base, Tornillos","Netflix, Prime Video, YouTube, Google Play Store, Google Play Movies & TV, PatchWall",3,2,Sí,,9.8 kg,1117.2 mm,276.8 mm,710.6 mm,9.9 kg,"Dolby Audio, DTS-HD, Standard",,,,Sí,Sí,,Sí,Sí,Sí,Google Assistant,50 Hz x 60 Hz,,Sí,60 Hz,,
40,"Smart TV Asano 55DN1 Smart LED 4K 55"" 100V/240V",UY,4.2,Televisores,U$S,719,417,42,100,920,(920 disponibles),18,https://www.mercadolibre.com.uy/smart-tv-asano-55dn1-smart-led-4k-55-100v240v/p/MLU19540365?pdp_filters=category:MLU1002#searchVariation=MLU19540365&position=31&search_layout=grid&type=product&trackin,22/03/2023 13:04:51,Asano,,55DN1 Smart,,,100V/240V,Sí,,No,,LED,"55 """,4K,,3840 px - 2160 px,178°,178°,16:9,Sí,Sí,Sí,4,8 GB,Android Nougat,,,2,14 W,Manual,,3,2,Sí,Sí,,,,,,,1000:1,10 cd/m²,8 ms,,Sí,Sí,Sí,Sí,,,50 Hz x 60 Hz,Sí,,,,
41,None,UY,None,Televisores,None,,,,,1,None,,https://click1.mercadolibre.com.uy/mclics/clicks/external/MLU/count?a=brZ2Y6rb6bImDR3Fr%2B5xDFuBWQQMlU3SmxuBba5qZCWSJe7Ni11rkdOsCSt6TpS7%2FGN5F%2BwaJyz3dNf7vFxkBpwHM2c7HuNRmD%2BDo9r3lPr4QcqVUkiUvcupzq,22/03/2023 13:04:58,,,,,,,,,,,,,,,,,,,,,,,,,,,,,,,,,,,,,,,,,,,,,,,,,,,,,,,,
42,None,UY,None,Televisores,None,,,,,1,None,,https://click1.mercadolibre.com.uy/mclics/clicks/external/MLU/count?a=t%2Bb2fc1u24U%2F4LzyV2sDnpzkHphqjLOmJmdOGniQWaQBjLDWwY%2BY6pIcCx%2BADbwyAYNLAibbzcHpIovpWo%2FcISXmrXvaPBn1pMpfY68QYCInj65hW84EhIdD,22/03/2023 13:05:04,,,,,,,,,,,,,,,,,,,,,,,,,,,,,,,,,,,,,,,,,,,,,,,,,,,,,,,,
43,"Smart TV Panavox 50 Android LED 4K 50"" 220V",UY,5.0,Televisores,$,,19590,,100,20,(20 disponibles),26,https://www.mercadolibre.com.uy/smart-tv-panavox-50-android-led-4k-50-220v/p/MLU18638525?pdp_filters=category:MLU1002#searchVariation=MLU18638525&position=37&search_layout=grid&type=product&tracking_i,22/03/2023 13:05:10,,,,,,,,,,,,,,,,,,,,,,,,,,,,,,,,,,,,,,,,,,,,,,,,,,,,,,,,
44,"Smart TV Kiland DKLD55SMART4K 4K 55"" 220V",UY,5.0,Televisores,U$S,,579,,25,1000,(1000 disponibles),3,https://www.mercadolibre.com.uy/smart-tv-kiland-dkld55smart4k-4k-55-220v/p/MLU19969986?pdp_filters=category:MLU1002#searchVariation=MLU19969986&position=38&search_layout=grid&type=product&tracking_id=,22/03/2023 13:05:16,Kiland,,42-SMF,DKLD55SMART4K,,220V,Sí,,No,,,"55 """,4K,,,,,16:9,Sí,Sí,Sí,,,Android TV,,,2,16 W,Controles remotos,,3,2,Sí,,,,,,,,,,,Sí,,,,Sí,,,,,,,,
45,Smart Tv Greenwind 50  Uhd 4k,UY,None,Televisores,U$S,561,380,32,100,40,(40 disponibles),,https://www.mercadolibre.com.uy/smart-tv-greenwind-50-uhd-4k/p/MLU22023225?pdp_filters=category:MLU1002#searchVariation=MLU22023225&position=39&search_layout=grid&type=product&tracking_id=0b375091-8b0,22/03/2023 13:05:22,,,,,,,,,,,,,,,,,,,,,,,,,,,,,,,,,,,,,,,,,,,,,,,,,,,,,,,,
46,"Smart TV Sony KD-55X80K LCD 4K 55"" 110V/240V",UY,4.3,Televisores,U$S,1099,999,9,5,21,(21 disponibles),6,https://www.mercadolibre.com.uy/smart-tv-sony-kd-55x80k-lcd-4k-55-110v240v/p/MLU20961555?pdp_filters=category:MLU1002#searchVariation=MLU20961555&position=42&search_layout=grid&type=product&tracking_i,22/03/2023 13:05:29,Sony,,KD-55X80K,,,110V/240V,Sí,,No,,LCD,"55 """,4K,Sí,3840 px - 2160 px,,,16:9,Sí,Sí,Sí,,16 GB,Android TV,Sí,1233 mm x 72 mm x 713 mm,2,20 W,"Control remoto, Baterías, Cable de alimentación, Manual, Guía de instalación, Soporte para la mesa",Google Play Store,4,2,Sí,,15.9 kg,1233 mm,338 mm,782 mm,16.8 kg,"Bass Reflex Speaker, X-Balanced Speaker, Dolby Audio, Dolby Atmos, DTS Digital Surround",,,,Sí,Sí,No,Sí,Sí,Sí,,50 Hz x 60 Hz,Sí,Sí,60 Hz,,
47,"Smart TV James K1EL LED HD 32"" 220V",UY,4.5,Televisores,U$S,,185,,100,23,(23 disponibles),18,https://www.mercadolibre.com.uy/smart-tv-james-k1el-led-hd-32-220v/p/MLU18719146?pdp_filters=category:MLU1002#searchVariation=MLU18719146&position=45&search_layout=grid&type=product&tracking_id=0b3750,22/03/2023 13:05:36,James,,K1EL,,,220V,Sí,,,,LED,"32 """,HD,,1366 px - 768 px,,,16:9,Sí,Sí,Sí,,,Linux,,732 mm x 75 mm x 434 mm,,,,"Netflix, YouTube, Web browser",3,2,,,,732 mm,204 mm,483 mm,,,,,,,,,,,,,,,,,,
48,"Smart TV Punktal PK-50UDL LED 4K 50"" 110V/240V",UY,None,Televisores,$,,27192,,100,10,(10 disponibles),,https://www.mercadolibre.com.uy/smart-tv-punktal-pk-50udl-led-4k-50-110v240v/p/MLU18620956?pdp_filters=category:MLU1002#searchVariation=MLU18620956&position=46&search_layout=grid&type=product&tracking,22/03/2023 13:05:43,,,,,,,,,,,,,,,,,,,,,,,,,,,,,,,,,,,,,,,,,,,,,,,,,,,,,,,,
49,"Smart TV LG Serie HD 32LM630BPUB LED HD 32"" 120V",UY,4.7,Televisores,U$S,339,259,23,100,854,(854 disponibles),67,https://www.mercadolibre.com.uy/smart-tv-lg-serie-hd-32lm630bpub-led-hd-32-120v/p/MLU15306852?pdp_filters=category:MLU1002#searchVariation=MLU15306852&position=50&search_layout=grid&type=product&track,22/03/2023 13:05:50,LG,Serie HD,32LM630B,32LM630BPUB,,120V,Sí,,,,LED,"32 """,HD,Sí,1366 px - 768 px,,,16:9,Sí,Sí,Sí,4,,webOS,Sí,736 mm x 82.9 mm x 437 mm,2,10 W,"Control remoto, Baterías, Cable de alimentación","YouTube, Netflix, Web browser, LG TV Plus App, LG Content Store",3,2,Sí,,4.65 kg,,,,,"DTS Decoder, Virtual Surround Plus, Clear Voice III, Dolby Digital",,,,Sí,,,,,Sí,ThinQ AI,50 Hz x 60 Hz,,Sí,,,
