,name,Country Code,rating,category,Currency,original_price,offer_price,discount_percentage,sales,quantity_available,state,reviews,scrape_link,date_scraped,Marca,Línea,Modelo,Modelo alfanumérico,Color,Voltaje,Es smart,Es 3D,Es curvo,Es portátil,Sistema operativo,Con sistema de montaje VESA incorporado,Ancho x Profundidad x Altura,Peso,Ancho con soporte,Profundidad con soporte,Altura con soporte,Peso con soporte,Cantidad de parlantes,Potencia máxima de los parlantes,Con comando de voz integrado,Asistentes virtuales integrados,Apps integradas,Tipo de pantalla,Tamaño de la pantalla,Tipo de resolución,Con HDR,Resolución máxima,Relación de aspecto,Relación de contraste,Brillo,Tiempo de respuesta,Frecuencia de actualización de la pantalla,Con USB,Con HDMI,Cantidad de puertos HDMI,Cantidad de puertos USB,Con Wi-Fi,Con Bluetooth,Con ethernet,Con VGA,Con entrada de antena RF,Accesorios incluidos,Frecuencia,Con apagado automático,Con cables ocultos,Con función screen share,Con entrada S/PDIF,Modos de sonido,Capacidad de almacenamiento,Ancho x Altura,Con entrada por video componentes,Con entrada por video compuesto,Ángulo de visión horizontal,Ángulo de visión vertical,Cantidad de núcleos del procesador,Es inflamable,Es kit,Ancho,Países con control mágico incluido,Organismo de certificación (OCP),Con impacto positivo,Ancho x Profundidad
0,Smart Tv Noblex Dk32x7000pi Led Hd 32 Android Tv,AR,4.7,Televisores,pesos,52501,48999,6,5,48999,(12 disponibles),618,https://www.mercadolibre.com.ar/smart-tv-noblex-dk32x7000pi-led-hd-32-android-tv/p/MLA19820351?pdp_filters=category:MLA1002#searchVariation=MLA19820351&position=2&search_layout=stack&type=product&trac,05/04/2023 02:56:55,Noblex,DK,DK32X7000PI,91DK32X7000PI,Negro,220V,Sí,No,No,No,Android,Sí,71.7 cm x 8.6 cm x 42.7 cm,3.7 kg,71.7 cm,16 cm,46.9 cm,5.5 kg,2,12 W,Sí,Google Assistant,"Netflix, YouTube",LED,"32 """,HD,No,1366 px - 768 px,16:9,3000:1,180 cd/m²,6.5 ms,60 Hz,Sí,Sí,2,2,Sí,Sí,Sí,No,Sí,Control remoto,,,,,,,,,,,,,,,,,,,,
1,Smart Tv Noblex Dk43x7100pi Led 43'' Full Hd Con Android Tv,AR,4.7,Televisores,pesos,109999,90999,17,1000,90999,(636 disponibles),155,https://www.mercadolibre.com.ar/smart-tv-noblex-dk43x7100pi-led-43-full-hd-con-android-tv/p/MLA19712050?pdp_filters=category:MLA1002#searchVariation=MLA19712050&position=3&search_layout=stack&type=pro,05/04/2023 02:57:07,Noblex,DK,DK43X7100PI,91DK43X7100PI,Negro,220V,Sí,No,No,No,Android,Sí,95.5 cm x 8.3 cm x 55.8 cm,6.5 kg,95.5 cm,18.2 cm,60.6 cm,,2,14 W,Sí,Google Assistant,YouTube,LED,"43 """,Full HD,No,1920 px - 1080 px,16:9,3000:1,250 cd/m²,8 ms,60 Hz,Sí,Sí,2,2,Sí,No,Sí,No,Sí,,,,,,,,,,,,,,,,,,,,,
2,"Smart TV Samsung Series 7 UN55AU7000GCZB LED Tizen 4K 55"" 220V - 240V",AR,4.8,Televisores,pesos,194999,152099,22,5,152099,(6 disponibles),480,https://www.mercadolibre.com.ar/smart-tv-samsung-series-7-un55au7000gczb-led-tizen-4k-55-220v-240v/p/MLA18718085?pdp_filters=category:MLA1002#searchVariation=MLA18718085&position=4&search_layout=stack,05/04/2023 02:58:18,Samsung,Series 7,UN55AU7000G,UN55AU7000GCZB,,220V - 240V,Sí,,,,Tizen,Sí,1230.5 mm x 59.9 mm x 707.2 mm,13.9 kg,1230.5 mm,250.2 mm,783.3 mm,14.2 kg,2,20 W,,,"Web browser, Gallery, Netflix, Prime Video, Apple TV, YouTube TV",LED,"55 """,4K,Sí,3840 px - 2160 px,16:9,,,,,Sí,Sí,3,1,Sí,Sí,Sí,,Sí,"Manual, Cable de alimentación, Manual electrónico, Adaptador AV, Control remoto TM2140A",50 Hz x 60 Hz,Sí,Sí,Sí,Sí,"Dolby Digital Plus, Q-Symphony, Adaptive Sound",,,,,,,,,,,,,,
3,"Smart TV Philips 6900 Series 43PFD6917/77 LED Android 10 Full HD 43"" 110V/240V",AR,4.6,Televisores,pesos,,95999,23,5,95999,(603 disponibles),738,https://www.mercadolibre.com.ar/smart-tv-philips-6900-series-43pfd691777-led-android-10-full-hd-43-110v240v/p/MLA19465098?pdp_filters=category:MLA1002#searchVariation=MLA19465098&position=5&search_lay,05/04/2023 02:58:30,Philips,6900 Series,43PFD6917,43PFD6917/77,,110V/240V,Sí,,No,,Android 10,Sí,958 mm x 82 mm x 568 mm,7.2 kg,958 mm,227 mm,587 mm,7.13 kg,2,16 W,Sí,Google Assistant,"YouTube, Prime Video, Disney+, Google Play Movies & TV, Google Play Music, Netflix, Google Play Store",LED,"43 """,Full HD,Sí,1920 px - 1080 px,16:9,,,,,Sí,Sí,3,2,Sí,Sí,Sí,,Sí,"Baterías, Cable de alimentación, Soporte para la mesa, Control remoto, Guía de instalación",50 Hz x 60 Hz,Sí,,,Sí,"Dolby Atmos, Surround",8 GB,,,,,,,,,,,,,
4,Smart Tv Noblex Db39x7000pi 39'' Led Hd Android Tv,AR,4.1,Televisores,pesos,89999,62799,30,100,62799,(164 disponibles),8,https://articulo.mercadolibre.com.ar/MLA-1297496855-smart-tv-noblex-db39x7000pi-39-led-hd-android-tv-_JM#position=40&search_layout=stack&type=item&tracking_id=fc07d567-169f-4cf7-bf96-24a4d733f423,05/04/2023 02:58:41,Noblex,Series X7,DB39X7000,91DB39X7000PI,Negro,220V,Sí,No,No,No,Android 11,,88.7 cm x 8.1 cm x 51.3 cm,5.6 kg,887 mm,180 cm,930 mm,,2,,,,,LED,"39 """,HD,No,1366 px - 768 px,16:9,3000:1,200 cd/m²,8.5 ms,60 Hz,Sí,Sí,3,2,Sí,No,Sí,No,,,,,,,,,,,,,,,,,,,,,,
5,Smart Tv 4k Led 50 Pulgadas Telefunken F5022uk6 Uhd Hdmi,AR,4.6,Televisores,pesos,97999,91009,7,100,91009,(64 disponibles),8,https://articulo.mercadolibre.com.ar/MLA-1336881016-smart-tv-4k-led-50-pulgadas-telefunken-f5022uk6-uhd-hdmi-_JM#position=41&search_layout=stack&type=item&tracking_id=fc07d567-169f-4cf7-bf96-24a4d733f,05/04/2023 02:58:52,Telefunken,TK5022UK6,TK5022UK6,TK5022UK6,Negro,220V,Sí,No,No,No,,,,,,,,,,,,,,LED,"50 """,4K,No,3840x2160,16:9,5000:1,300 cd/m²,9.5 ms,,Sí,Sí,,,Sí,,,,,,50/60,,,,,,,112.4 cm x 71.1 cm,,,,,,,,,,,,
6,"Smart TV Motorola 91MT32E3A LED Android TV HD 32"" 220V",AR,4.6,Televisores,pesos,,57999,6,1000,57999,None,120,https://www.mercadolibre.com.ar/smart-tv-motorola-91mt32e3a-led-android-tv-hd-32-220v/p/MLA21096755?pdp_filters=category:MLA1002#searchVariation=MLA21096755&position=6&search_layout=stack&type=product,05/04/2023 02:59:04,Motorola,,91MT32E3A,,,220V,Sí,,No,,Android TV,,,,,,,,,,,,Google Play Store,LED,"32 """,HD,Sí,1366 px - 768 px,16:9,,,,,Sí,Sí,2,2,Sí,,,,,,,,,Sí,,,,,,,,,,,,,,,,
7,Smart Tv Quint 43 Qt1-43frame Led 1080p Fhd Wifi Linux,AR,4.6,Televisores,pesos,74999,59399,20,100,59399,(13 disponibles),7,https://articulo.mercadolibre.com.ar/MLA-1365500276-smart-tv-quint-43-qt1-43frame-led-1080p-fhd-wifi-linux-_JM#position=42&search_layout=stack&type=item&tracking_id=fc07d567-169f-4cf7-bf96-24a4d733f42,05/04/2023 02:59:17,Quint,Frameless,QT1-43FRAMELESS,QT1-43FRAMELESS,Negro,,Sí,No,No,No,Linux,,,,,,,,,,,,,LED,"43 """,Full HD,No,,,5000:1,240 cd/m²,8 ms,,Sí,Sí,,,Sí,,,,,,,,,,Sí,,,,,,,,,,,,,,,
8,"Smart TV TCL L55C635 QLED 4K 55"" 220V",AR,4.7,Televisores,pesos,199999,172999,13,100,172999,(24 disponibles),19,https://www.mercadolibre.com.ar/smart-tv-tcl-l55c635-qled-4k-55-220v/p/MLA21076856?pdp_filters=category:MLA1002#searchVariation=MLA21076856&position=7&search_layout=stack&type=product&tracking_id=fc07,05/04/2023 02:59:29,TCL,,L55C635,,,220V,Sí,,No,,,,,,,,,,,,,,,QLED,"55 """,4K,,3840 px - 2160 px,16:9,,,,,Sí,Sí,3,,Sí,,Sí,,,Control remoto,,,,,,,,,,,,,,,,,,,,
9,Smart Tv 55  Samsung Series 7 Un55au7000gczb Led 4k ,AR,None,Televisores,pesos,189999,151999,20,5,151999,(55 disponibles),,https://articulo.mercadolibre.com.ar/MLA-1139432648-smart-tv-55-samsung-series-7-un55au7000gczb-led-4k-_JM#position=43&search_layout=stack&type=item&tracking_id=fc07d567-169f-4cf7-bf96-24a4d733f423,05/04/2023 02:59:40,Samsung,Series 7,UN55AU7000G,UN55AU7000GCZB,,220V - 240V,Sí,,,,Tizen,Sí,1230.5 mm x 59.9 mm x 707.2 mm,13.9 kg,1230.5 mm,250.2 mm,783.3 mm,14.2 kg,2,20 W,,,"Apple TV,Gallery,Netflix,Prime Video,Web browser,YouTube TV",LED,"55 """,4K,Sí,3840 px - 2160 px,16:9,,,,,Sí,Sí,3,1,Sí,Sí,Sí,,Sí,"Adaptador AV,Cable de alimentación,Control remoto TM2140A,Manual,Manual electrónico",50 Hz x 60 Hz,Sí,Sí,Sí,Sí,"Adaptive Sound,Dolby Digital Plus,Q-Symphony",,,,,,,,,,,,,,
10,"Smart TV Samsung Crystal UHD UN65BU8000GXZD LED Tizen 4K 65"" 100V/240V",AR,4.8,Televisores,pesos,,299999,22,100,299999,(48 disponibles),17,https://www.mercadolibre.com.ar/smart-tv-samsung-crystal-uhd-un65bu8000gxzd-led-tizen-4k-65-100v240v/p/MLA19725706?pdp_filters=category:MLA1002#searchVariation=MLA19725706&position=8&search_layout=sta,05/04/2023 02:59:52,Samsung,Crystal UHD,UN65BU8000G,UN65BU8000GXZD,,100V/240V,Sí,,No,,Tizen,Sí,1450.9 mm x 25.7 mm x 831.9 mm,20.9 kg,1450.9 mm,281.8 mm,869.6 mm,21.3 kg,2,20 W,Sí,"Google Assistant, Alexa, Bixby","Samsung TV Plus, Netflix, Prime Video, GloboPlay, Disney+, Apple TV, YouTube, Web browser, Home Yoga, Music, SmartThings",LED,"65 """,4K,Sí,3840 px - 2160 px,16:9,,,,60 Hz,Sí,Sí,3,2,Sí,Sí,Sí,,Sí,"Smart control TM2280E, Manual, Manual electrónico, Cable de alimentación",50 Hz x 60 Hz,Sí,,Sí,Sí,"Dolby Digital Plus, Adaptive Sound, Q-Symphony",,,No,No,,,,,,,,,,
11,Tv Kanji 32 Led Mt005,AR,4.5,Televisores,pesos,41999,40665,20,100,40665,(21 disponibles),35,https://articulo.mercadolibre.com.ar/MLA-1239583434-tv-kanji-32-led-mt005-_JM#position=44&search_layout=stack&type=item&tracking_id=fc07d567-169f-4cf7-bf96-24a4d733f423,05/04/2023 03:00:04,Kanji,TV LED,TV KANJI 32 LED MT005,MT005,,220V,No,,,,,,72.8 cm x 9 cm x 43.5 cm,,,,,,2,,,,,LED,"32 """,HD,,1366 px - 768 px,16:9,,,,,,Sí,3,2,,,,No,,,,,,,,,,,,,170°,160°,,,,,,,,
12,"Smart TV Philips 7000 Series 50PUD7406/77 LED Android 10 4K 50"" 110V/240V",AR,4.5,Televisores,pesos,,110999,22,5,110999,None,893,https://www.mercadolibre.com.ar/smart-tv-philips-7000-series-50pud740677-led-android-10-4k-50-110v240v/p/MLA18607070?pdp_filters=category:MLA1002#searchVariation=MLA18607070&position=9&search_layout=s,05/04/2023 03:00:15,Philips,7000 Series,50PUD7406,50PUD7406/77,,110V/240V,Sí,,,,Android 10,Sí,1113 mm x 87.2 mm x 647.3 mm,11.3 kg,1113 mm,248 mm,678 mm,11.5 kg,2,20 W,Sí,Google Assistant,"Prime Video, Disney+, YouTube, Netflix",LED,"50 """,4K,Sí,3840 px - 2160 px,16:9,,,,,Sí,Sí,4,2,Sí,Sí,Sí,,Sí,"Control remoto, Baterías, Cable de alimentación, Guía de instalación, Manual, Manual electrónico, Soporte para la mesa",50 Hz x 60 Hz,Sí,,,Sí,"Dolby Atmos, AI Sound",8 GB,,,,,,4,,,,,,,
13,Android Tv Philips Led Full Hd 43 Pulgadas Negro 43pfd6917 ,AR,4.6,Televisores,pesos,,95999,30,1000,95999,(603 disponibles),112,https://articulo.mercadolibre.com.ar/MLA-1142536162-android-tv-philips-led-full-hd-43-pulgadas-negro-43pfd6917-_JM#position=45&search_layout=stack&type=item&tracking_id=fc07d567-169f-4cf7-bf96-24a4d73,05/04/2023 03:00:27,Philips,SMART + ANDROID,43PFD6917,43PFD6917/77,Negro,110V/240V,Sí,No,No,No,Android 10,Sí,958 mm x 82 mm x 568 mm,7.2 kg,958 mm,227 mm,587 mm,7.13 kg,2,16 W,Sí,Google Assistant,"YouTube,Prime Video,Disney+,Google Play Movies & TV,Google Play Music,Netflix,Google Play Store",LED,"43 """,Full HD,Sí,1920 px - 1080 px,16:9,,,,,Sí,Sí,3,2,Sí,Sí,Sí,No,Sí,"Baterías,Cable de alimentación,Soporte para la mesa,Control remoto,Guía de instalación",50 Hz x 60 Hz,Sí,No,Sí,Sí,"Dolby Atmos,Surround",8 GB,,No,No,,,,No,No,,,,,
14,"Smart TV Samsung QN55Q65BAGXZD QLED Tizen 4K 55"" 100V/240V",AR,4.8,Televisores,pesos,289999,254999,12,500,254999,(17 disponibles),72,https://www.mercadolibre.com.ar/smart-tv-samsung-qn55q65bagxzd-qled-tizen-4k-55-100v240v/p/MLA19474324?pdp_filters=category:MLA1002#searchVariation=MLA19474324&position=10&search_layout=stack&type=pro,05/04/2023 03:00:39,Samsung,,QN55Q65BAG,QN55Q65BAGXZD,,100V/240V,Sí,,No,,Tizen,Sí,1232.1 mm x 25.7 mm x 708.3 mm,14.7 kg,1232.1 mm,249.1 mm,773.8 mm,15.5 kg,2,20 W,Sí,"Alexa, Bixby, Google Assistant","Samsung TV Plus, Samsung Promotion, Netflix, YouTube, Disney+, GloboPlay, Web browser, Apple TV, TELECINE, SmartThings, Prime Video",QLED,"55 """,4K,Sí,3840 px - 2160 px,16:9,,,,60 Hz,Sí,Sí,3,2,Sí,Sí,Sí,,Sí,"Smart control TM2280E, Manual, Manual electrónico, Cable de alimentación",50 Hz x 60 Hz,Sí,Sí,Sí,Sí,"Q-Symphony, Adaptive Sound, Dolby Digital Plus MS12",,,No,Sí,,,,,,,,,,
15,Smart Tv Enova 50 Pulgadas 4k Uhd Android Tv Frameless Cta,AR,4.8,Televisores,pesos,200000,91599,54,500,91599,(47 disponibles),44,https://www.mercadolibre.com.ar/smart-tv-enova-50-pulgadas-4k-uhd-android-tv-frameless-cta/p/MLA22372835?pdp_filters=category:MLA1002#searchVariation=MLA22372835&position=11&search_layout=stack&type=p,05/04/2023 03:00:51,Enova,Smart TV,TE50UA10-TDFA,ATH-TE50UA10-TDFA,Negro,,Sí,No,No,No,Android TV,,,9.2 kg,,,,,,,,,,DLED,"50 """,4K,Sí,,,5000:1,,8 ms,,Sí,Sí,,,Sí,Sí,,,,,,,,,,,,1110 mm x 644 mm,,,,,,,,,,,,
16,"Smart TV Philips 7000 Series 55PUD7406/77 LED Android 10 4K 55"" 110V/240V",AR,4.6,Televisores,pesos,,144999,22,1000,144999,(139 disponibles),354,https://www.mercadolibre.com.ar/smart-tv-philips-7000-series-55pud740677-led-android-10-4k-55-110v240v/p/MLA18647649?pdp_filters=category:MLA1002#searchVariation=MLA18647649&position=12&search_layout=,05/04/2023 03:01:03,Philips,7000 Series,55PUD7406,55PUD7406/77,,110V/240V,Sí,,,,Android 10,Sí,1226.8 mm x 86.6 mm x 711.8 mm,11.6 kg,1226.8 mm,248 mm,743 mm,11.8 kg,2,20 W,Sí,Google Assistant,"Prime Video, Disney+, YouTube, Netflix, Web browser, GloboPlay",LED,"55 """,4K,Sí,3840 px - 2160 px,16:9,,,,,Sí,Sí,4,2,Sí,Sí,Sí,,Sí,"Control remoto, Cable de alimentación, Soporte para la mesa, Baterías, Manual, Guía de instalación",50 Hz x 60 Hz,Sí,,,Sí,"Dolby Atmos, AI Sound",8 GB,,,,,,4,,,,,,,
17,Smart Tv 65 Tcl Led 4k L65p725 Uhd Google Tv,AR,4.5,Televisores,pesos,,234999,8,100,234999,(47 disponibles),25,https://www.mercadolibre.com.ar/smart-tv-65-tcl-led-4k-l65p725-uhd-google-tv/p/MLA19606370?pdp_filters=category:MLA1002#searchVariation=MLA19606370&position=13&search_layout=stack&type=product&trackin,05/04/2023 03:01:42,TCL,P725 Google Tv,L65P725,,Negro,240V,Sí,,No,,Google TV,,123.4 cm x 8.6 cm x 85.8 cm,9.3 kg,123.4 cm,26.5 cm,74.4 cm,11.2 kg,2,9.6 W,Sí,Google Assistant,"Disney plus, HBO Max, Netflix, Prime Video, Star +, YouTube",LED,"65 """,4K,Sí,3840 px - 2160 px,16:9,5000:1,270 cd/m²,6.5 ms,60 Hz,Sí,Sí,3,2,Sí,Sí,Sí,No,Sí,,,Sí,No,Sí,Sí,Dolby Digital,,,Sí,Sí,178°,178°,4,,,,,,,
18,Televisor Philips 32'' Hd Android Tv 10 Q Hdr10 Bluetooth,AR,4.7,Televisores,pesos,,77999,30,1000,77999,(1065 disponibles),94,https://articulo.mercadolibre.com.ar/MLA-1142536163-televisor-philips-32-hd-android-tv-10-q-hdr10-bluetooth-_JM#position=46&search_layout=stack&type=item&tracking_id=fc07d567-169f-4cf7-bf96-24a4d733f4,05/04/2023 03:01:54,Philips,SMART + ANDROID,32PHD6917/77,PHILIPS 32PHD6917/77,Negro,,Sí,No,No,No,Android,,71.6 cm x 7.6 cm x 43.3 cm,3.98 kg,71.6 cm,16.6 cm,45.3 cm,3.02 kg,2,5 W,Sí,,,LED,"32 """,HD,Sí,1366 px - 768 px,,,,,,Sí,Sí,3,2,Sí,Sí,Sí,No,Sí,,,Sí,No,Sí,No,Dolby Digital,,,No,No,,,,No,No,,,,,
19,"Smart TV Samsung Series 6 QN65Q65BAGCZB QLED Tizen Full HD 65"" 220V - 240V",AR,4.8,Televisores,pesos,,379999,10,100,379999,(31 disponibles),11,https://www.mercadolibre.com.ar/smart-tv-samsung-series-6-qn65q65bagczb-qled-tizen-full-hd-65-220v-240v/p/MLA19934370?pdp_filters=category:MLA1002#searchVariation=MLA19934370&position=14&search_layout,05/04/2023 03:02:06,Samsung,Series 6,QN65Q65BAG,QN65Q65BAGCZB,,220V - 240V,Sí,,No,,Tizen,Sí,1450.9 mm x 25.7 mm x 831.4 mm,20.9 kg,1450.9 mm,274 mm,872.2 mm,21.3 kg,2,20 W,Sí,Bixby,"SmartThings, Google Duo",QLED,"65 """,Full HD,Sí,3840 px - 2160 px,16:9,,,,50 Hz,Sí,Sí,3,2,Sí,Sí,Sí,,Sí,"Smart control TM2280E, Manual, Manual electrónico, Cable de alimentación",50 Hz x 60 Hz,Sí,,Sí,Sí,"OTS-Lite, Q-Symphony, Adaptive Sound, Dolby Digital Plus",,,,Sí,,,,,,,,,,
20,"Smart TV Kanji KJ-50ST005 LED Android KitKat 4K 50"" 100V/240V",AR,4.5,Televisores,pesos,174499,91498,47,100,91498,(8 disponibles),42,https://www.mercadolibre.com.ar/smart-tv-kanji-kj-50st005-led-android-kitkat-4k-50-100v240v/p/MLA18354742?pdp_filters=category:MLA1002#searchVariation=MLA18354742&position=15&search_layout=stack&type=,05/04/2023 03:02:17,Kanji,,KJ-50ST005,,,100V/240V,Sí,,,,Android KitKat,Sí,,,,,,,2,16 W,,,"Netflix, YouTube",LED,"50 """,4K,,3840 px - 2160 px,16:9,3000:1,350 cd/m²,8 ms,,Sí,Sí,3,2,Sí,,Sí,Sí,,Control remoto,50 Hz x 60 Hz,,,,,,8 GB,,,,176°,176°,4,,,,,,,
21,Smart Noblex 50  91dk50x6550 4k Sistema Vidaa,AR,4.4,Televisores,pesos,139999,115999,17,100,115999,(255 disponibles),21,https://www.mercadolibre.com.ar/smart-noblex-50-91dk50x6550-4k-sistema-vidaa/p/MLA20005522?pdp_filters=category:MLA1002#searchVariation=MLA20005522&position=16&search_layout=stack&type=product&trackin,05/04/2023 03:02:31,Noblex,DK-Series,DK50X6550,,Negro,,Sí,No,No,No,,,,,,,,,,,,,,LED,"50 """,4K,,,,4000:1,,,,Sí,Sí,,,Sí,,,,,,,,,,,,,,,,,,,,,,,,,
22,"TV Kanji KJ-24TM005 LED Full HD 24"" 220V",AR,4.1,Televisores,pesos,35999,33289,7,1000,33289,(51 disponibles),162,https://www.mercadolibre.com.ar/tv-kanji-kj-24tm005-led-full-hd-24-220v/p/MLA18614516?pdp_filters=category:MLA1002#searchVariation=MLA18614516&position=17&search_layout=stack&type=product&tracking_id=,05/04/2023 03:02:46,Kanji,,KJ-24TM005,,,220V,,,,,,Sí,,,,,,,,,,,,LED,"24 """,Full HD,,1920 px - 1080 px,16:9,,,5 ms,,Sí,Sí,1,1,,,,No,,Control remoto,,,,,,,,,,,,,,,,,,,,
23,"Smart TV Noblex 91DM32X7000PI LED Android TV HD 32"" 220V",AR,4.5,Televisores,pesos,,62999,6,10,62999,(100 disponibles),1632,https://www.mercadolibre.com.ar/smart-tv-noblex-91dm32x7000pi-led-android-tv-hd-32-220v/p/MLA16172977?pdp_filters=category:MLA1002#searchVariation=MLA16172977&position=18&search_layout=stack&type=prod,05/04/2023 03:03:00,Noblex,,DM32X7000,91DM32X7000PI,,220V,Sí,No,,,Android TV,,,,83 cm,13.7 cm,52.4 cm,,2,16 W,,,"YouTube, Netflix, Web browser, Prime Video, YouTube Kids, HBO Go, Google Play Movies & TV, Google Play Store, AMC",LED,"32 """,HD,,1366 px - 768 px,16:9,1200:1,200 cd/m²,8 ms,,Sí,Sí,2,2,Sí,,Sí,No,,"Control remoto, Cable de alimentación",,,,,Sí,,,,,,,,,,,83 cm,,,,
24,Smart Tv Led 55 Motorola 4k TDA 91mt55,AR,None,Televisores,pesos,,146999,22,5,146999,(42 disponibles),,https://www.mercadolibre.com.ar/smart-tv-led-55-motorola-4k-tda-91mt55/p/MLA20939326?pdp_filters=category:MLA1002#searchVariation=MLA20939326&position=21&search_layout=stack&type=product&tracking_id=f,05/04/2023 03:03:12,Motorola,,91MT55Y003A1B,,,,,,,,,,,,,,,,,,,,,,"55 """,,,,,,,,,,,,,,,,,,,,,,,,,,,,,,,,,,,,,,
25,"Smart TV Kanji KJ-4XTL005 LED Android TV HD 40"" 220V",AR,4.4,Televisores,pesos,80498,63498,21,1000,63498,(218 disponibles),102,https://www.mercadolibre.com.ar/smart-tv-kanji-kj-4xtl005-led-android-tv-hd-40-220v/p/MLA18905890?pdp_filters=category:MLA1002#searchVariation=MLA18905890&position=22&search_layout=stack&type=product&,05/04/2023 03:03:24,Kanji,,KJ-4XTL005,,,220V,Sí,,,,Android TV,,,,,,,,2,16 W,,,"Netflix, YouTube",LED,"40 """,HD,,,16:9,,,,,Sí,Sí,3,2,Sí,,Sí,Sí,,Control remoto,,,,,,,,,,Sí,,,,,,,,,,
26,"Smart TV Samsung Neo QLED 4K QN43QN90BAGCZB QLED Tizen 4K 43"" 220V - 240V",AR,4.8,Televisores,pesos,,309999,10,100,309999,(23 disponibles),71,https://www.mercadolibre.com.ar/smart-tv-samsung-neo-qled-4k-qn43qn90bagczb-qled-tizen-4k-43-220v-240v/p/MLA19787254?pdp_filters=category:MLA1002#searchVariation=MLA19787254&position=23&search_layout=,05/04/2023 03:04:07,Samsung,Neo QLED 4K,QN43QN90BAG,QN43QN90BAGCZB,,220V - 240V,Sí,,No,,Tizen,Sí,960.8 mm x 26.9 mm x 558.9 mm,9.2 kg,960.8 mm,223 mm,623.4 mm,13.8 kg,2,20 W,Sí,Bixby,"SmartThings, Web browser",QLED,"43 """,4K,Sí,3840 px - 2160 px,16:9,,,,100 Hz,Sí,Sí,4,2,Sí,Sí,Sí,,Sí,"Smart control TM2280E, Manual electrónico, Manual, Cable de alimentación",50 Hz x 60 Hz,Sí,,Sí,Sí,"Dolby Atmos, Dolby Digital Plus, Adaptive Sound +, OTS-Lite, Q-Symphony, Surround",,,,,,,,,,,,,,
27,"Smart TV Hyundai HYLED-58UHD4 4K 58"" 220V",AR,4.6,Televisores,pesos,,168748,30,100,168748,(41 disponibles),41,https://www.mercadolibre.com.ar/smart-tv-hyundai-hyled-58uhd4-4k-58-220v/p/MLA15911143?pdp_filters=category:MLA1002#searchVariation=MLA15911143&position=24&search_layout=stack&type=product&tracking_id,05/04/2023 03:04:21,Hyundai,,HYLED-58UHD4,,,220V,Sí,,,,,,,14.5 kg,,,,,,,,,"Netflix, YouTube",LED,"58 """,4K,,3840 px - 2160 px,16:9,,,,,Sí,Sí,3,1,Sí,,,,,"Control remoto, Cable de alimentación",,,,,,,,,,,,,,,,,,,,
28,Smart Tv Philips 43 4k Uhd Android  Pud7407/77 110v-240v,AR,4.7,Televisores,pesos,,120999,7,500,120999,(141 disponibles),116,https://www.mercadolibre.com.ar/smart-tv-philips-43-4k-uhd-android-pud740777-110v-240v/p/MLA19470128?pdp_filters=category:MLA1002#searchVariation=MLA19470128&position=25&search_layout=stack&type=produ,05/04/2023 03:04:33,Philips,SMART + ANDROID,43PUD7407,43PUD7407/77,Negro,110V/240V,Sí,,,,,,,,,,,,,,,,,LED,"43 """,4K,Sí,3840 px - 2160 px,,,,,,Sí,Sí,4,2,Sí,Sí,Sí,,,"Control remoto, Baterías, Cable de alimentación, Soporte para la mesa, Manual, Guía de instalación",,,,,,,,,,,,,,,,95.8 cm,,,,
29,"Smart TV Samsung Neo QLED 4K QN55QN85BAGCZB QLED Tizen 4K 55"" 220V - 240V",AR,4.7,Televisores,pesos,514999,463499,10,100,463499,(25 disponibles),43,https://www.mercadolibre.com.ar/smart-tv-samsung-neo-qled-4k-qn55qn85bagczb-qled-tizen-4k-55-220v-240v/p/MLA19725351?pdp_filters=category:MLA1002#searchVariation=MLA19725351&position=26&search_layout=,05/04/2023 03:04:46,Samsung,Neo QLED 4K,QN55QN85BA,QN55QN85BAGCZB,,220V - 240V,Sí,,No,,Tizen,Sí,1227.4 mm x 26.9 mm x 705.6 mm,17.2 kg,1227.4 mm,253 mm,767.9 mm,20.2 kg,6,60 W,Sí,"Bixby, Google Assistant, Alexa","Samsung TV Plus, Netflix, Apple TV, Prime Video, YouTube, Web browser, Home Yoga, Music, SmartThings, Google Duo",QLED,"55 """,4K,Sí,3840 px - 2160 px,16:9,,,,120 Hz,Sí,Sí,4,2,Sí,Sí,Sí,,Sí,"Smart control TM2280E, Manual, Manual electrónico, Cable de alimentación",50 Hz x 60 Hz,Sí,,Sí,Sí,"Dolby Atmos, Dolby Digital Plus, Adaptive Sound +, OTS, Q-Symphony",,,,,,,,,,,,,,
30,"Smart TV Hitachi CDH-LE554KSMART26 LED Android TV 4K 55"" 100V/240V",AR,None,Televisores,pesos,135699,126397,6,25,126397,(11 disponibles),,https://www.mercadolibre.com.ar/smart-tv-hitachi-cdh-le554ksmart26-led-android-tv-4k-55-100v240v/p/MLA22395960?pdp_filters=category:MLA1002#searchVariation=MLA22395960&position=27&search_layout=stack&,05/04/2023 03:04:56,Hitachi,,CDH-LE554KSMART26,,,100V/240V,Sí,,No,,Android TV,,,,,,,,,,Sí,,"Netflix, Spotify, HBO Max, Prime Video",LED,"55 """,4K,Sí,3840 px - 2160 px,16:9,,,,,Sí,Sí,3,,Sí,Sí,Sí,,Sí,,50 Hz x 60 Hz,,,Sí,Sí,"MTS, SAP, Stereo, Dolby Digital",,,,Sí,,,,,,,,,,
31,Smart Tv Led Philco De 39 Pld39hs21lch Hdmi Usb Tio Musa,AR,4.5,Televisores,pesos,,62599,24,100,62599,(3 disponibles),13,https://articulo.mercadolibre.com.ar/MLA-1142712139-smart-tv-led-philco-de-39-pld39hs21lch-hdmi-usb-tio-musa-_JM#position=47&search_layout=stack&type=item&tracking_id=fc07d567-169f-4cf7-bf96-24a4d733f,05/04/2023 14:56:35,Philco,PLD39HS21LCH,PLD39HS21LCH,PLD39HS21LCH,,220V,Sí,No,No,No,,Sí,887 mm x 80.9 mm x 513.2 mm,,887 mm,180 mm,930 mm,,2,16 W,,,Netflix,LED,"39 """,HD,No,1366 px - 768 px,16:9,3000:1,200 cd/m²,,,Sí,Sí,3,2,Sí,,,,,,,,,,,,,,,,,,,,,,,,,
32,Televisor Smart 50 Pulgadas Led 4k Con Control Remoto Hdmi ,AR,4.5,Televisores,pesos,,174499,24,100,174499,(7 disponibles),30,https://articulo.mercadolibre.com.ar/MLA-1128666263-televisor-smart-50-pulgadas-led-4k-con-control-remoto-hdmi-_JM#position=48&search_layout=stack&type=item&tracking_id=fc07d567-169f-4cf7-bf96-24a4d73,05/04/2023 14:56:50,Kanji,Smart,KJ-50ST005,KJ-50ST005,Negro,100V/240V,Sí,No,No,No,Android KitKat,Sí,113 cm x 8 cm x 65 cm,,,,,,2,16 W,Sí,,"Netflix,YouTube",LED,"50 """,4K,Sí,3840 px - 2160 px,16:9,3000:1,350 cd/m²,8 ms,60 Hz,Sí,Sí,3,2,Sí,Sí,Sí,No,Sí,Control remoto,50 Hz x 60 Hz,Sí,,,Sí,"Stereo,Dolby Digital",8 GB,,,,176°,176°,4,,,,Argentina,Otro (sin especificar),,
33,Smart Tv Samsung Neo Qled 4k Qn90b 43 Mini Led 144hz 20w Rms,AR,None,Televisores,pesos,349999,269999,22,5,269999,(7 disponibles),,https://articulo.mercadolibre.com.ar/MLA-1325680334-smart-tv-samsung-neo-qled-4k-qn90b-43-mini-led-144hz-20w-rms-_JM#position=49&search_layout=stack&type=item&tracking_id=fc07d567-169f-4cf7-bf96-24a4d,05/04/2023 14:57:06,Samsung,Neo QLED 4K,QN43QN90BAG,QN43QN90BAGCZB,Negro,220V - 240V,Sí,No,No,No,Tizen,Sí,960.8 mm x 26.9 mm x 558.9 mm,9.2 kg,960.8 mm,223 mm,623.4 mm,13.8 kg,2,20 W,Sí,Bixby,"SmartThings,Web browser",QLED,"43 """,4K,Sí,3840 px - 2160 px,16:9,,,,100 Hz,Sí,Sí,4,2,Sí,Sí,Sí,,Sí,"Smart control TM2280E,Manual electrónico,Manual,Cable de alimentación",50 Hz x 60 Hz,Sí,,Sí,Sí,"Dolby Atmos,Dolby Digital Plus,Adaptive Sound +,OTS-Lite,Q-Symphony,Surround",,,,,,,,,,,,,,
34,Smart Tv Samsung Qled Qn65q65bagczb 4k 65 100v/240v,AR,4.8,Televisores,pesos,,379999,10,100,379999,(30 disponibles),6,https://articulo.mercadolibre.com.ar/MLA-1203717442-smart-tv-samsung-qled-qn65q65bagczb-4k-65-100v240v-_JM#position=50&search_layout=stack&type=item&tracking_id=fc07d567-169f-4cf7-bf96-24a4d733f423,05/04/2023 14:57:19,Samsung,Series 6,QN65Q65BAG,QN65Q65BAGCZB,,100V/240V,Sí,,No,,Tizen,Sí,1450.9 mm x 25.7 mm x 831.4 mm,20.9 kg,1450.9 mm,274 mm,872.2 mm,21.3 kg,2,20 W,Sí,Bixby,"SmartThings,Google Duo",QLED,"65 """,Full HD,Sí,3840 px - 2160 px,16:9,,,,50 Hz,Sí,Sí,3,2,Sí,Sí,Sí,,Sí,"Smart control TM2280E,Manual,Manual electrónico,Cable de alimentación",50 Hz x 60 Hz,Sí,,Sí,Sí,"OTS-Lite,Q-Symphony,Adaptive Sound,Dolby Digital Plus",,,,Sí,,,,No,,,,,,
35,Smart Tv Led Full Hd 40 Pulgadas Netflix Youtube Con Android,AR,4.5,Televisores,pesos,80498,63498,21,100,63498,(216 disponibles),14,https://articulo.mercadolibre.com.ar/MLA-816878291-smart-tv-led-full-hd-40-pulgadas-netflix-youtube-con-android-_JM#position=51&search_layout=stack&type=item&tracking_id=fc07d567-169f-4cf7-bf96-24a4d7,05/04/2023 14:57:36,Kanji,Smart tv led,KJ-4XTL005,KJ.SMART40,Negro,220V,Sí,No,No,No,Android TV,,88.26 cm x 7.9 cm x 51.3 cm,5.8 kg,,,,,2,16 W,,,"Netflix,YouTube",LED,"40 """,HD,No,1366 px - 768 px,16:9,16:9,250 cd/m²,,,Sí,Sí,3,2,Sí,Sí,Sí,Sí,,Control remoto,,,,,,,,,,Sí,,,4,,,,,,,
36,Smart Tv Samsung Serie 8 Un65bu8000gczb Led 4k 65  100-240v,AR,None,Televisores,pesos,,299999,10,5,299999,(47 disponibles),,https://articulo.mercadolibre.com.ar/MLA-1242358301-smart-tv-samsung-serie-8-un65bu8000gczb-led-4k-65-100-240v-_JM#position=52&search_layout=stack&type=item&tracking_id=fc07d567-169f-4cf7-bf96-24a4d73,05/04/2023 14:57:56,Samsung,Crystal UHD,UN65BU8000G,UN65BU8000GXZD,Negro,100V/240V,Sí,No,No,No,Tizen,Sí,1450.9 mm x 25.7 mm x 831.9 mm,20.9 kg,1450.9 mm,281.8 mm,869.6 mm,21.3 kg,2,20 W,Sí,"Google Assistant,Alexa,Bixby","Samsung TV Plus,Netflix,Prime Video,GloboPlay,Disney+,Apple TV,YouTube,Web browser,Home Yoga,Music,SmartThings",LED,"65 """,4K,Sí,3840 px - 2160 px,16:9,,,,60 Hz,Sí,Sí,3,2,Sí,Sí,Sí,,Sí,"Smart control TM2280E,Manual,Manual electrónico,Cable de alimentación",50 Hz x 60 Hz,Sí,,Sí,Sí,"Adaptive Sound,Dolby Digital Plus,Q-Symphony",,,No,No,,,,No,,,,,,
37,Smart Tv Samsung Neo Qled Qn90b 50 Pulgadas ,AR,4.9,Televisores,pesos,,377999,10,100,377999,(33 disponibles),16,https://articulo.mercadolibre.com.ar/MLA-1159012844-smart-tv-samsung-neo-qled-qn90b-50-pulgadas-_JM#position=53&search_layout=stack&type=item&tracking_id=fc07d567-169f-4cf7-bf96-24a4d733f423,05/04/2023 14:58:14,Samsung,Serie 9,Neo Qled,QN90B,Negro,,Sí,,,,,,,,,,,,,,,,,QLED,"50 """,4K,Sí,,,,,,,Sí,Sí,,,,,,,,,,,,,,,,,,,,,,No,,,,,,
38,Smart Tv Android Candy 50 Ultra Hd Gtv1400 Netflix Youtube,AR,4.6,Televisores,pesos,,93500,23,50,93500,(9 disponibles),8,https://www.mercadolibre.com.ar/smart-tv-android-candy-50-ultra-hd-gtv1400-netflix-youtube/p/MLA19960210?pdp_filters=category:MLA1002#searchVariation=MLA19960210&position=28&search_layout=stack&type=p,05/04/2023 14:58:35,Candy,Smart Tv,CDY50GTV1400,,Negro,100V/240V,Sí,No,No,,Android,,,,118.8 cm,23.9 cm,69.6 cm,,2,,,,,DLED,"50 """,Ultra HD,,3840 px - 2160 px,,,220 cd/m²,,,Sí,Sí,,,Sí,Sí,Sí,,,,,,,,,,8 GB,,,,,,,,,,,,,
39,Smart Tv Noblex Dr55x7550 Led 4k 55 Pulgadas Android Tv,AR,4.5,Televisores,pesos,,131999,10,25,131999,(28 disponibles),2,https://www.mercadolibre.com.ar/smart-tv-noblex-dr55x7550-led-4k-55-pulgadas-android-tv/p/MLA20005427?pdp_filters=category:MLA1002#searchVariation=MLA20005427&position=29&search_layout=stack&type=prod,05/04/2023 14:58:55,Noblex,X7 Series,DR55X7550,DR55X7550,Negro,,Sí,No,No,No,Android,,123 cm x 9.08 cm x 77 cm,,,,,,2,16 W,,,,LED,"55 """,4K,,3840 px - 2160 px,16:9,,,8 ms,,Sí,Sí,4,2,Sí,Sí,Sí,,,,,,,,,,,,,,,,,,,,,,,
40,Smart Tv Led Noblex Dr50x7550 4k Youtube Netflix Android Tv,AR,4.8,Televisores,pesos,111999,100489,10,100,100489,(51 disponibles),14,https://articulo.mercadolibre.com.ar/MLA-1168759641-smart-tv-led-noblex-dr50x7550-4k-youtube-netflix-android-tv-_JM#position=54&search_layout=stack&type=item&tracking_id=fc07d567-169f-4cf7-bf96-24a4d7,05/04/2023 14:59:13,Noblex,DR,DR50X7550,DR50X7550,,220V,Sí,No,No,No,Android TV,Sí,111.25 cm x 9.08 cm x 64.16 cm,,,,,,2,16 W,,,"YouTube,Web browser",LED,"50 """,4K,No,3840 px - 2160 px,16:9,4000:1,300 cd/m²,8 ms,60 Hz,Sí,Sí,3,2,Sí,Sí,Sí,No,,"Control remoto,Cable de alimentación",,,,,,Standard,,,No,,,,,,,,,,,
41,"Smart TV Feelnology F4322FK5 LED Full HD 43"" 220V",AR,4.5,Televisores,pesos,100999,56499,44,100,56499,(51 disponibles),17,https://www.mercadolibre.com.ar/smart-tv-feelnology-f4322fk5-led-full-hd-43-220v/p/MLA20795087?pdp_filters=category:MLA1002#searchVariation=MLA20795087&position=32&search_layout=stack&type=product&tra,05/04/2023 14:59:31,Feelnology,,F4322FK5,,,220V,Sí,,No,,,,97.2 cm x 8.2 cm x 56.7 cm,7.5 kg,97.2 cm,22.2 cm,61.5 cm,7.6 kg,,,,,"Netflix, YouTube, Prime Video, Web browser",LED,"43 """,Full HD,,1920 px - 1080 px,16:9,120000:1,,,,Sí,Sí,3,2,Sí,No,,,,,,,,Sí,Sí,Dolby Digital,,,,Sí,,,4,,,,,,,
42,Smart Tv Noblex Dk32x5050pi Led Hd 32'',AR,4.6,Televisores,pesos,,48559,34,1000,48559,(9 disponibles),183,https://www.mercadolibre.com.ar/smart-tv-noblex-dk32x5050pi-led-hd-32/p/MLA19461815?pdp_filters=category:MLA1002#searchVariation=MLA19461815&position=33&search_layout=stack&type=product&tracking_id=fc,05/04/2023 14:59:50,Noblex,,DK32X5050PI,91DK32X5050PI,Negro,220V,Sí,No,No,No,,,71.6 cm x 8.6 cm x 42.7 cm,3.8 kg,71.6 cm,16.4 cm,46.8 cm,,2,6 W,,,"Netflix, YouTube",LED,"32 """,HD,No,1366 px - 768 px,16:9,3000:1,180 cd/m²,6.5 ms,,Sí,Sí,2,2,Sí,No,Sí,No,,Control remoto,,,,Sí,,,,,,,,,,,,,,,,
43,Smart Tv Android Candy 32 Ultra Hd Gtv1400 Netflix Youtube,AR,4.6,Televisores,pesos,,52500,34,100,52500,(2 disponibles),20,https://www.mercadolibre.com.ar/smart-tv-android-candy-32-ultra-hd-gtv1400-netflix-youtube/p/MLA20005444?pdp_filters=category:MLA1002#searchVariation=MLA20005444&position=34&search_layout=stack&type=p,05/04/2023 15:00:08,Candy,Televisores,GTV1400,CDY32GTV1400,Negro,,Sí,No,No,Sí,Android 11,,,,,,,,,,,,,DLED,"32 """,HD,,1366 px - 768 px,,,180 cd/m²,8.5 ms,,Sí,Sí,,,Sí,Sí,Sí,,,,,,,,,,,,,,,,,,,,,,,
44,"Smart TV Samsung Series 7 UN43AU7000GCZB LED Tizen 4K 43"" 220V - 240V",AR,4.7,Televisores,pesos,,135999,14,1000,135999,(88 disponibles),380,https://www.mercadolibre.com.ar/smart-tv-samsung-series-7-un43au7000gczb-led-tizen-4k-43-220v-240v/p/MLA18556468?pdp_filters=category:MLA1002#searchVariation=MLA18556468&position=35&search_layout=stac,05/04/2023 15:00:29,Samsung,Series 7,UN43AU7000G,UN43AU7000GCZB,,220V - 240V,Sí,,,,Tizen,Sí,963.9 mm x 59.6 mm x 558.9 mm,8.1 kg,963.9 mm,192.5 mm,627.8 mm,8.3 kg,2,20 W,,,"Web browser, Gallery, Netflix, Prime Video, Apple TV, YouTube",LED,"43 """,4K,Sí,3840 px - 2160 px,16:9,,,,,Sí,Sí,3,1,Sí,Sí,Sí,,Sí,"Smart control TM2140A, Manual, Manual electrónico, Cable de alimentación, Adaptador AV, Baterías",50 Hz x 60 Hz,Sí,Sí,Sí,Sí,"Dolby Digital Plus, Q-Symphony",,,,,,,,,,,,,,
45,Smart Tv 50 Pulgadas 4k Ultra Hd 50uq8050psb - LG,AR,4.9,Televisores,pesos,194999,179999,7,100,179999,(268 disponibles),22,https://www.mercadolibre.com.ar/smart-tv-50-pulgadas-4k-ultra-hd-50uq8050psb-lg/p/MLA21679952?pdp_filters=category:MLA1002#searchVariation=MLA21679952&position=36&search_layout=stack&type=product&trac,05/04/2023 15:00:44,LG,,50UQ8050PSB,,,,Sí,No,No,No,,,,,,,,,,,,,,LED,"50 """,,Sí,,,,,,,Sí,Sí,,,Sí,,,,,,,,,,,,,,,,,,,,,,,,,
46,"Smart TV Samsung Series 4 UN32J4300DGCZB LED HD 32"" 220V",AR,4.4,Televisores,pesos,,141700,34,100,141700,(14 disponibles),19,https://www.mercadolibre.com.ar/smart-tv-samsung-series-4-un32j4300dgczb-led-hd-32-220v/p/MLA15055492?pdp_filters=category:MLA1002#searchVariation=MLA15055492&position=37&search_layout=stack&type=prod,05/04/2023 15:00:58,Samsung,Series 4,UN32J4300,UN32J4300DGCZB,,220V,Sí,,,,,,745.4 mm x 69 mm x 442.2 mm,3.7 kg,745.4 mm,150.5 mm,463.1 mm,3.8 kg,2,10 W,,,Web browser,LED,"32 """,HD,,1366 px - 768 px,16:9,,,,,Sí,Sí,2,1,Sí,,Sí,,,"Control remoto, Cable de alimentación",,,,,,,,,,,,,,,,,,,,
47,"Smart TV Samsung Series 7 UN50AU7000GCZB LED Tizen 4K 50"" 220V - 240V",AR,4.6,Televisores,pesos,,159999,23,10,159999,(112 disponibles),1866,https://www.mercadolibre.com.ar/smart-tv-samsung-series-7-un50au7000gczb-led-tizen-4k-50-220v-240v/p/MLA18556467?pdp_filters=category:MLA1002#searchVariation=MLA18556467&position=38&search_layout=stac,05/04/2023 15:01:13,Samsung,Series 7,UN50AU7000G,UN50AU7000GCZB,,220V - 240V,Sí,,,,Tizen,Sí,1116.8 mm x 59.9 mm x 644.2 mm,11.4 kg,1116.8 mm,250.2 mm,719.1 mm,11.6 kg,2,20 W,,,"Web browser, Gallery, Netflix, Prime Video, Apple TV, YouTube",LED,"50 """,4K,Sí,3840 px - 2160 px,16:9,,,,,Sí,Sí,3,1,Sí,Sí,Sí,,Sí,"Smart control TM2140A, Baterías, Manual, Cable de alimentación, Adaptador AV, Manual electrónico",50 Hz x 60 Hz,Sí,Sí,Sí,Sí,"Dolby Digital Plus, Q-Symphony",,,,,,,,,,,,,,
48,Tv Led Smart Hd 32p C32and Con Android Rca,AR,4.5,Televisores,pesos,,50270,34,100,50270,(522 disponibles),24,https://www.mercadolibre.com.ar/tv-led-smart-hd-32p-c32and-con-android-rca/p/MLA19693856?pdp_filters=category:MLA1002#searchVariation=MLA19693856&position=39&search_layout=stack&type=product&tracking_,05/04/2023 15:01:25,RCA,,C32AND,,Negro,,Sí,No,No,,,,,,,,,,,,,,,LED,"32 """,HD,No,1366 px - 768 px,,,,,,Sí,Sí,,,Sí,,,,,,,,,,,,,,,,,,,,,,,,,
49,Smart Tv Led 32  B3222s5a Bgh,AR,None,Televisores,pesos,,59999,34,5,59999,(30 disponibles),,https://articulo.mercadolibre.com.ar/MLA-1362039831-smart-tv-led-32-b3222s5a-bgh-_JM#position=30&search_layout=stack&type=item&tracking_id=69741df7-d0f1-4217-a7d2-04f8eb855b7a,05/04/2023 15:02:07,BGH,,"Smart TV HD LED 32""",B3222K5,Negro,220V,Sí,No,No,,Linux,,,,,,,,,,,,,LED,"32 """,HD,No,1280 px - 720 px,16:9,,180 cd/m²,,,Sí,Sí,,,Sí,,,,,,,,,,,,,,,,,,,,,,,,,
50,Smart Tv Philco Pld43hs2250pi Led Full Hd 43 ,AR,4.6,Televisores,pesos,92999,69999,23,50,69999,None,8,https://articulo.mercadolibre.com.ar/MLA-1203034655-smart-tv-philco-pld43hs2250pi-led-full-hd-43-_JM#position=31&search_layout=stack&type=item&tracking_id=69741df7-d0f1-4217-a7d2-04f8eb855b7a,05/04/2023 15:02:20,Philco,HS2250,PLD43HS2250PI,91PLD43HS2250PI,Negro,220V,Sí,No,No,No,Vidaa,Sí,95.5 cm x 8.3 cm x 55.8 cm,6.5 kg,95.5 cm,18.2 cm,60.6 cm,,2,16 W,No,,Netflix,LED,"43 """,Full HD,No,1920 px - 1080 px,16:9,1200:1,250 cd/m²,8 ms,60 Hz,Sí,Sí,2,2,Sí,No,Sí,No,Sí,Control remoto,,,,,,,,,,,,,,,,,,,,
51,Smart Tv Bgh Led Uhd 4k Android Pne040263 220v,AR,4.7,Televisores,pesos,114999,99999,13,1000,99999,(14 disponibles),283,https://www.mercadolibre.com.ar/smart-tv-bgh-led-uhd-4k-android-pne040263-220v/p/MLA19453721?pdp_filters=category:MLA1002#searchVariation=MLA19453721&position=3&search_layout=stack&type=product&tracki,05/04/2023 15:02:35,BGH,Smart TV Android,"TV LED BGH 50"" 4K UHD SMART ANDROID",PNE040263,Negro,220V,Sí,,,,Android,,111 cm x 9 cm x 64.9 cm,8.5 kg,111 cm,23.7 cm,71.2 cm,8.6 kg,2,8 W,,,"Netflix, YouTube",LED,"50 """,4K,Sí,3840 px - 2160 px,16:9,,280 cd/m²,8 ms,60 Hz,Sí,Sí,,,Sí,,Sí,,,,,,,Sí,,Dolby Digital,,,,,178°,178°,4,,,,,,,
52,Tcl Led 55  L55p735 Uhd Google Tv-rv,AR,4.8,Televisores,pesos,139999,124999,10,100,124999,(25 disponibles),57,https://www.mercadolibre.com.ar/tcl-led-55-l55p735-uhd-google-tv-rv/p/MLA19930808?pdp_filters=category:MLA1002#searchVariation=MLA19930808&position=4&search_layout=stack&type=product&tracking_id=69741,05/04/2023 15:02:47,TCL,P735,L55P735-F,L55P735,Negro,220V,Sí,No,No,No,Android,,,,,,,,,,,Google Assistant,Netflix,LED,"55 """,4K,Sí,,,,,,,Sí,Sí,,,Sí,,,No,Sí,Control remoto,,Sí,,,,,,,,,,,,,,,,,,
53,"Smart TV Siera STV4303 LED Android TV Full HD 43"" 220V",AR,4.9,Televisores,pesos,,81099,23,100,81099,(5 disponibles),11,https://www.mercadolibre.com.ar/smart-tv-siera-stv4303-led-android-tv-full-hd-43-220v/p/MLA19759454?pdp_filters=category:MLA1002#searchVariation=MLA19759454&position=5&search_layout=stack&type=product,05/04/2023 15:03:00,Siera,,STV4303,,,220V,Sí,,No,,Android TV,,,,,,,,,,,,,LED,"43 """,Full HD,,1020 px - 1080 px,16:9,3000:1,,,,Sí,Sí,2,2,Sí,Sí,,,,,,,,,,,,,,,,,,,,,,,,
54,"Smart TV LG AI ThinQ 43UP7750PSB LCD webOS 6.0 4K 43"" 100V/240V",AR,4.8,Televisores,pesos,149999,128999,14,1000,128999,(40 disponibles),324,https://www.mercadolibre.com.ar/smart-tv-lg-ai-thinq-43up7750psb-lcd-webos-60-4k-43-100v240v/p/MLA18505212?pdp_filters=category:MLA1002#searchVariation=MLA18505212&position=6&search_layout=stack&type=,05/04/2023 15:03:13,LG,AI ThinQ,43UP7750,43UP7750PSB,,100V/240V,Sí,,,,webOS 6.0,Sí,967 mm x 57.1 mm x 564 mm,8.8 kg,967 mm,216 mm,622 mm,8.9 kg,2,20 W,Sí,ThinQ AI,"YouTube, Netflix, HBO Go, Apple TV, Spotify, Movistar Play, Zapping TV, Disney+",LCD,"43 """,4K,Sí,3840 px - 2160 px,16:9,,,,60 Hz,Sí,Sí,,2,Sí,Sí,Sí,No,,"Control remoto, Cable de alimentación, Base, Baterías",50 Hz x 60 Hz,Sí,,,Sí,"AI Sound Pro, AI Sound, Clear Voice, Ultra Surround",,,,,,,4,,,,"Chile, Colombia",,,
55,Tv Led Hd Philips 24phd5565/77 De 24 Pulgadas Tio Musa,AR,5.0,Televisores,pesos,47999,44699,6,5,44699,(47 disponibles),1,https://articulo.mercadolibre.com.ar/MLA-899100656-tv-led-hd-philips-24phd556577-de-24-pulgadas-tio-musa-_JM#position=32&search_layout=stack&type=item&tracking_id=69741df7-d0f1-4217-a7d2-04f8eb855b7a,05/04/2023 15:03:58,Philips,5500 Series,24PHD5565,24PHD5565/77,Negro,110V/240V,No,No,No,Sí,,Sí,55.6 cm x 68 mm x 338.2 mm,2.95 kg,55.6 cm,55.6 cm,55.6 cm,3 kg,2,6 W,,,,LED,"24 """,HD,No,1366 px - 768 px,16:9,,,,,Sí,Sí,2,1,,,,Sí,,"Soporte para la mesa,Control remoto,Baterías,Cable de alimentación,Guía de instalación",50 Hz x 60 Hz,Sí,,,Sí,Surround,,,,,,,,,,,,,,
56,Smart Tv 58  Hyundai Hyled-58uhd5a 4k Ultra Hd,AR,5.0,Televisores,pesos,,168748,12,5,168748,(41 disponibles),1,https://articulo.mercadolibre.com.ar/MLA-1151327963-smart-tv-58-hyundai-hyled-58uhd5a-4k-ultra-hd-_JM#position=33&search_layout=stack&type=item&tracking_id=69741df7-d0f1-4217-a7d2-04f8eb855b7a,05/04/2023 15:04:12,Hyundai,Smart Tv,HYLED-58UHD4,HYLED-58UHD5A,Negro,220V,Sí,No,No,,,,,14.5 kg,,,,,,,,,"Netflix,YouTube",LED,"58 """,4K,,3840 px - 2160 px,16:9,,,,,Sí,Sí,3,1,Sí,,,,,"Control remoto,Cable de alimentación",,,,,,,,,,,,,,,,,,,,
57,Smart Tv LG 32 Pulgadas 32lq630bpsa Wifi Bluetooth Thinq Ai,AR,4.7,Televisores,pesos,104599,67999,34,100,67999,(8 disponibles),19,https://www.mercadolibre.com.ar/smart-tv-lg-32-pulgadas-32lq630bpsa-wifi-bluetooth-thinq-ai/p/MLA21193581?pdp_filters=category:MLA1002#searchVariation=MLA21193581&position=7&search_layout=stack&type=p,05/04/2023 15:04:26,LG,AI ThinQ,32LQ630BPSA,32LQ630BPSA,,,Sí,No,No,No,,,,,,,,,,,,,,LED,"32 """,HD,Sí,,,,,,,Sí,Sí,,,Sí,Sí,Sí,,,,,,,,,,,,,,,,,,,,,,,
58,Smart Tv Led Hitachi 55 4k Le55aksmart26,AR,None,Televisores,pesos,135699,126397,6,5,126397,(10 disponibles),,https://articulo.mercadolibre.com.ar/MLA-1381934592-smart-tv-led-hitachi-55-4k-le55aksmart26-_JM#position=34&search_layout=stack&type=item&tracking_id=69741df7-d0f1-4217-a7d2-04f8eb855b7a,05/04/2023 15:04:39,Hitachi,"Smart TV 55""",CDH-LE554KSMART26,LE55AKSMART26,Negro,100V/240V,Sí,No,No,No,Android TV,,122.6 cm x 8.1 cm x 71.1 cm,10 kg,,26.5 cm,76.6 cm,10.2 kg,2,9.5 W,Sí,,"HBO Max,Netflix,Prime Video,Spotify",LED,"55 """,4K,Sí,3840 px - 2160 px,16:9,,,,,Sí,Sí,3,1,Sí,Sí,Sí,,Sí,,50 Hz x 60 Hz,,,Sí,Sí,"MTS,SAP,Stereo,Dolby Digital",16 GB,,,Sí,,,,,,,,,,
59,"Smart TV Samsung Series 6 QN55Q65BAGCZB QLED Tizen 4K 55"" 220V - 240V",AR,4.7,Televisores,pesos,349999,281999,19,100,281999,(48 disponibles),48,https://www.mercadolibre.com.ar/smart-tv-samsung-series-6-qn55q65bagczb-qled-tizen-4k-55-220v-240v/p/MLA19818874?pdp_filters=category:MLA1002#searchVariation=MLA19818874&position=8&search_layout=stack,05/04/2023 15:04:53,Samsung,Series 6,QN55Q65BAG,QN55Q65BAGCZB,,220V - 240V,Sí,,No,,Tizen,Sí,1232.1 mm x 25.7 mm x 708.3 mm,14.7 kg,1232.1 mm,224 mm,745.9 mm,15 kg,2,20 W,Sí,Bixby,"SmartThings, Google Duo, Web browser, Netflix, Prime Video, Disney+, Samsung TV Plus",QLED,"55 """,4K,Sí,3840 px - 2160 px,16:9,,,,50 Hz,Sí,Sí,3,2,Sí,Sí,Sí,,Sí,"Cable de alimentación, Manual, Manual electrónico, Smart control TM2280E",50 Hz x 60 Hz,Sí,,Sí,Sí,"OTS-Lite, Q-Symphony, Adaptive Sound, Dolby Digital Plus",,,,Sí,,,,,,,,,,
60,Smart Tv Bgh 32'' Hd Control Por Voz Y Android Tv B3222s5a,AR,4.4,Televisores,pesos,,69999,10,1000,69999,(260 disponibles),168,https://www.mercadolibre.com.ar/smart-tv-bgh-32-hd-control-por-voz-y-android-tv-b3222s5a/p/MLA21954167?pdp_filters=category:MLA1002#searchVariation=MLA21954167&position=11&search_layout=stack&type=pro,05/04/2023 15:05:07,BGH,Android Smart TV LED,"Smart TV HD LED 32""",B3222S5A,Negro,,Sí,No,No,No,Android 11,Sí,,,,,,,2,8 W,Sí,Google Assistant,"Play store, Netflix, YouTube",LED,"32 """,HD,No,,16:9,,,,,Sí,Sí,4,2,Sí,No,Sí,No,No,"Tv x1, Base x2, Guia rapida x1, Manual legal x1, Bolsa con tornillos para la base x1, Control remoto x1",,Sí,Sí,Sí,Sí,Dolby Digital,,,No,No,,,,,,,,,,
61,Smart Tv Samsung 43  Un43au7000gczb Uhd 4k Hdr 10+,AR,None,Televisores,pesos,148605,123224,17,3,123224,(2 disponibles),,https://articulo.mercadolibre.com.ar/MLA-1371162628-smart-tv-samsung-43-un43au7000gczb-uhd-4k-hdr-10-_JM#position=35&search_layout=stack&type=item&tracking_id=69741df7-d0f1-4217-a7d2-04f8eb855b7a,05/04/2023 15:05:20,Samsung,Series 7,UN43AU7000G,UN43AU7000GCZB,,220V - 240V,Sí,,,,Tizen,Sí,963.9 mm x 59.6 mm x 558.9 mm,8.1 kg,963.9 mm,192.5 mm,627.8 mm,8.3 kg,2,20 W,,,"Apple TV,Gallery,Netflix,Prime Video,Web browser,YouTube",LED,"43 """,4K,Sí,3840 px - 2160 px,16:9,,,,,Sí,Sí,3,1,Sí,Sí,Sí,,Sí,"Adaptador AV,Baterías,Cable de alimentación,Manual,Manual electrónico,Smart control TM2140A",50 Hz x 60 Hz,Sí,Sí,Sí,Sí,"Dolby Digital Plus,Q-Symphony",,,,,,,,,,,,,,
62,Smart Tv Philips Android 43´´4k Uhd Control Voz 43pud7407/77,AR,4.6,Televisores,pesos,,120999,24,100,120999,(141 disponibles),13,https://articulo.mercadolibre.com.ar/MLA-1142542666-smart-tv-philips-android-434k-uhd-control-voz-43pud740777-_JM#position=36&search_layout=stack&type=item&tracking_id=69741df7-d0f1-4217-a7d2-04f8eb85,05/04/2023 15:05:32,Philips,SMART + ANDROID,43PUD7407/77,PHILIPS 43PUD7407/77,Negro,110V/240V,Sí,No,No,No,Android,,95.8 cm x 8.2 cm x 56.8 cm,7.2 kg,95.8 cm,22.7 cm,58.7 cm,7.13 kg,2,8 W,Sí,,,LED,"43 """,4K,Sí,3840 px - 2160 px,,,,,,Sí,Sí,4,2,Sí,Sí,Sí,No,Sí,"Control remoto,Baterías,Cable de alimentación,Soporte para la mesa,Manual,Guía de instalación",,Sí,No,Sí,No,Dolby Digital,,,No,No,,,,No,No,,,,,
63,Smart Tv Tcl 50'' Led Ultra Hd 4k 3840 X 2160p Refabricado (Reacondicionado),AR,4.0,Televisores,pesos,,109999,13,1,109999,(999 disponibles),1,https://articulo.mercadolibre.com.ar/MLA-1321631471-smart-tv-tcl-50-led-ultra-hd-4k-3840-x-2160p-refabricado-_JM#position=37&search_layout=stack&type=item&tracking_id=69741df7-d0f1-4217-a7d2-04f8eb855,05/04/2023 15:05:45,TCL,L50P715,P715,50P715,,100V/240V,Sí,No,,,Android Pie,Sí,1112 mm x 79 mm x 655 mm,9.8 kg,,,,10 kg,2,20 W,Sí,"AI-IN,Google Assistant","GloboPlay,Google Play Movies & TV,Google Play Music,Google Play Store,Netflix,Prime Video,TCL App Store,YouTube",LED,"50 """,4K,Sí,3840 px - 2160 px,16:9,5000:1,270 cd/m²,9.5 ms,60 Hz,Sí,Sí,3,2,Sí,Sí,Sí,,Sí,"Baterías,Control remoto,Soporte para la mesa",50 Hz x 60 Hz,Sí,,Sí,Sí,Dolby Audio,16 GB,,,Sí,178°,178°,4,,,,,,Sí,
64,Televisor Smart Tv Hyundai Full Hd 40  Prime Video Yt Hdmi (Reacondicionado),AR,None,Televisores,pesos,,79999,23,1,79999,(2 disponibles),,https://articulo.mercadolibre.com.ar/MLA-1361133231-televisor-smart-tv-hyundai-full-hd-40-prime-video-yt-hdmi-_JM#position=38&search_layout=stack&type=item&tracking_id=69741df7-d0f1-4217-a7d2-04f8eb85,05/04/2023 15:05:58,Hyundai,,HYLED-40FHD5A,,,220V,Sí,,,,Android TV,,,,90.36 cm,22.15 cm,57.07 cm,5.9 kg,,,,,Netflix,LED,"40 """,Full HD,,1920 px - 1080 px,16:9,5000:1,240 cd/m²,8.5 ms,60 Hz,Sí,Sí,3,2,Sí,Sí,Sí,,,Control remoto,,Sí,,,Sí,,,,Sí,,,,,,,,,,,90.36 cm x 8.53 cm
65,"Smart TV Quint QT1-42FRAME LED Linux Full HD 42"" 220V",AR,4.5,Televisores,pesos,,69999,23,1000,69999,(21 disponibles),88,https://www.mercadolibre.com.ar/smart-tv-quint-qt1-42frame-led-linux-full-hd-42-220v/p/MLA19487737?pdp_filters=category:MLA1002#searchVariation=MLA19487737&position=12&search_layout=stack&type=product,05/04/2023 15:06:11,Quint,,QT1-42FRAME,,,220V,Sí,No,No,,Linux,Sí,95.1 cm x 8.6 cm x 54.1 cm,6 kg,95.1 cm,21.4 cm,58.6 cm,,,,,,"Netflix, Prime Video, YouTube",LED,"42 """,Full HD,,1920 px - 1080 px,16:9,3000:1,240 cd/m²,8 ms,,Sí,Sí,3,2,Sí,,Sí,,,Control remoto,,,,,Sí,,,,,,,,,,,,,,,
66,"Smart TV Motorola 91MT43E3A LED Android TV Full HD 43"" 220V",AR,4.8,Televisores,pesos,99999,78799,21,500,78799,(7 disponibles),101,https://www.mercadolibre.com.ar/smart-tv-motorola-91mt43e3a-led-android-tv-full-hd-43-220v/p/MLA21096754?pdp_filters=category:MLA1002#searchVariation=MLA21096754&position=13&search_layout=stack&type=p,05/04/2023 15:06:25,Motorola,,91MT43E3A,,,220V,Sí,,No,,Android TV,,,,,,,,,,,,"YouTube, Google Play Store",LED,"43 """,Full HD,Sí,1920 px - 1080 px,16:9,,,,,Sí,Sí,2,2,Sí,No,Sí,,,,,,,Sí,,,8 GB,,,,,,,,,,,,,
67,Televisor Bgh 50'' Android Tv Negro 4k Ultra Hd Control Voz,AR,4.8,Televisores,pesos,,123999,24,500,123999,(110 disponibles),69,https://articulo.mercadolibre.com.ar/MLA-1133869624-televisor-bgh-50-android-tv-negro-4k-ultra-hd-control-voz-_JM#position=39&search_layout=stack&type=item&tracking_id=69741df7-d0f1-4217-a7d2-04f8eb85,05/04/2023 15:06:39,BGH,Smart TV Android,"TV LED BGH 50"" 4K UHD SMART ANDROID",PNE040263,Negro,220V,Sí,No,No,No,Android,Sí,111 cm x 9 cm x 64.9 cm,8.5 kg,111 cm,23.7 cm,71.2 cm,8.6 kg,2,8 W,Sí,Google Assistant,"Netflix,YouTube",LED,"50 """,4K,Sí,3840x2160,16:9,1200,280 cd/m²,8 ms,60 Hz,Sí,Sí,6,2,Sí,No,Sí,No,No,"TV x1,base x2,guia rapida x1,manual legal x1,bolsa con tornillos para la base x1,control remoto x1,Cable adaptador miniplug 3 en 1",,Sí,Sí,Sí,Sí,Dolby Digital,,,No,No,178°,178°,4,No,No,,Argentina,,,
68,Smart Tv Samsung Qled 4k Q65b 55 Quantum Hdr Xbox Game Pass,AR,None,Televisores,pesos,299999,254999,14,5,254999,(4 disponibles),,https://articulo.mercadolibre.com.ar/MLA-1284286544-smart-tv-samsung-qled-4k-q65b-55-quantum-hdr-xbox-game-pass-_JM#position=40&search_layout=stack&type=item&tracking_id=69741df7-d0f1-4217-a7d2-04f8eb,05/04/2023 15:06:52,Samsung,Series 6,QN55Q65BAG,QN55Q65BAGCZB,,220V - 240V,Sí,,No,,Tizen,Sí,1232.1 mm x 25.7 mm x 708.3 mm,14.7 kg,1232.1 mm,224 mm,745.9 mm,15 kg,2,20 W,Sí,Bixby,"Disney+,Google Duo,Netflix,Prime Video,Samsung TV Plus,SmartThings,Web browser",QLED,"55 """,4K,Sí,3840 px - 2160 px,16:9,,,,50 Hz,Sí,Sí,3,2,Sí,Sí,Sí,,Sí,"Cable de alimentación,Manual,Manual electrónico,Smart control TM2280E",50 Hz x 60 Hz,Sí,,Sí,Sí,"Adaptive Sound,Dolby Digital Plus,OTS-Lite,Q-Symphony",,,,Sí,,,,,,,,,,
69,Smart Tv Samsung The Frame Qled 4k 55''  + Marco Beige,AR,None,Televisores,pesos,,449999,10,5,449999,(3 disponibles),,https://articulo.mercadolibre.com.ar/MLA-1361086712-smart-tv-samsung-the-frame-qled-4k-55-marco-beige-_JM#position=41&search_layout=stack&type=item&tracking_id=69741df7-d0f1-4217-a7d2-04f8eb855b7a,05/04/2023 15:07:05,Samsung,The Frame,LS03B,QN55LS03BAPXPA,Plateado,,Sí,,,,Tizen,,,,,,,,,,,,,QLED,"85 """,4K,Sí,3840x2160,,,,,120 Hz,Sí,Sí,4,2,Sí,Sí,Sí,,,Control remoto,,,,,,,,,,,,,,No,,,,,,
70,Tv Y Monitor Kanji Kj-24mt005 Led Full Hd 24 Pulgadas Hdmi,AR,None,Televisores,pesos,35999,33289,7,25,33289,(50 disponibles),,https://articulo.mercadolibre.com.ar/MLA-1158028872-tv-y-monitor-kanji-kj-24mt005-led-full-hd-24-pulgadas-hdmi-_JM#position=42&search_layout=stack&type=item&tracking_id=69741df7-d0f1-4217-a7d2-04f8eb8,05/04/2023 15:07:18,Kanji,,KJ-24TM005,,,220V,,,,,,Sí,55 cm x 13 cm x 37 cm,,,,,,,,,,,LED,"24 """,Full HD,,1920 px - 1080 px,16:9,,,5 ms,,Sí,Sí,1,1,,,,Sí,,Control remoto,,,,,,,,,,,,,,,,,,,,
71,Smart Tv Noblex Dk50x6550pi Led Hdr 4k 50'' Vidaa,AR,5.0,Televisores,pesos,139999,120499,13,25,120499,(244 disponibles),2,https://articulo.mercadolibre.com.ar/MLA-1297400216-smart-tv-noblex-dk50x6550pi-led-hdr-4k-50-vidaa-_JM#position=43&search_layout=stack&type=item&tracking_id=69741df7-d0f1-4217-a7d2-04f8eb855b7a,05/04/2023 15:07:31,Noblex,DK-Series,DK50X6550,,Negro,,Sí,No,No,No,Vidaa,,,12.7 kg,,,,,2,,,,,LED,"50 """,4K,Sí,,16:9,4000:1,,8 ms,,Sí,Sí,3,2,Sí,Sí,,No,,,,,,,,,,,,,,,,,,111.5 cm,,,,
72,Tv Led Noblex Db24x4000 24  Hd,AR,4.0,Televisores,pesos,48999,38999,20,1000,38999,(5 disponibles),108,https://www.mercadolibre.com.ar/tv-led-noblex-db24x4000-24-hd/p/MLA19681489?pdp_filters=category:MLA1002#searchVariation=MLA19681489&position=14&search_layout=stack&type=product&tracking_id=69741df7-d,05/04/2023 15:07:45,Noblex,DB,DB24X4000,91DB24X4000,Negro,220V,No,No,No,No,,,55.3 cm x 7.53 cm x 34 cm,2.5 kg,,,,,2,10 W,No,,,LED,"24 """,HD,No,1368 px - 768 px,16:9,3000:1,200 cd/m²,8.5 ms,60 Hz,Sí,Sí,2,1,No,No,No,No,Sí,,60Hz,,No,No,No,,,,No,No,170°,170°,,,,,,,,
73,Smart Tv Noblex Dq50x9500pi Qled 4k 50'' Black Series Con Google Tv,AR,4.7,Televisores,pesos,159999,154999,10,100,154999,(69 disponibles),45,https://www.mercadolibre.com.ar/smart-tv-noblex-dq50x9500pi-qled-4k-50-black-series-con-google-tv/p/MLA19712052?pdp_filters=category:MLA1002#searchVariation=MLA19712052&position=15&search_layout=stack,05/04/2023 15:08:00,Noblex,Black Series,DQ50X9500PI,91DQ50X9500PI,Negro,220V,Sí,No,No,No,Google TV,,116 cm x 7.6 cm x 65.2 cm,12 kg,116 cm,30.6 cm,70.4 cm,,2,19 W,,Google Assistant,"Netflix, YouTube",LED,"50 """,4K,No,3840 px - 2160 px,16:9,5000:1,350 cd/m²,9.5 ms,60 Hz,Sí,Sí,7,2,Sí,Sí,Sí,No,Sí,Control remoto,,,,,Sí,,,,,,,,,,,,,,,
74,None,AR,None,Televisores,,,,,,None,None,,https://www.mercadolibre.com.ar/smart-tv-noblex-39-pulgadas-db39x7000-hd-android-tv/p/MLA21027041?pdp_filters=category:MLA1002#searchVariation=MLA21027041&position=1&search_layout=stack&type=product&t,05/04/2023 15:08:34,,,,,,,,,,,,,,,,,,,,,,,,,,,,,,,,,,,,,,,,,,,,,,,,,,,,,,,,,,,,,,,
75,None,AR,None,Televisores,,,,,,None,None,,https://click1.mercadolibre.com.ar/mclics/clicks/external/MLA/count?a=M7ZqYrSPoAitDZgo1OF6bQka%2FHwSfdCc%2BFvLXN1o8qeqoyTJLTRPtuNnMmgmg8jC%2FuEmpqX0nTb3UCgLnQpBRYVXhK6qz4l5ZwsZmyVzuEJXTPSuMpA7vyRLPeLg,05/04/2023 15:08:45,,,,,,,,,,,,,,,,,,,,,,,,,,,,,,,,,,,,,,,,,,,,,,,,,,,,,,,,,,,,,,,
76,None,AR,None,Televisores,,,,,,None,None,,https://click1.mercadolibre.com.ar/mclics/clicks/external/MLA/count?a=bqXfu604si6JO1rdWwfd3I2cOpz4gGu%2BZgnq%2BDrW%2Fm7rKucX9Aqoa0BELeJdlWPlwN0WKahzg82wvwlY6ovyc6SQE%2BhLUUpyF9kr4KgKdXxoLAMV6Y8weD4RKE,05/04/2023 15:08:56,,,,,,,,,,,,,,,,,,,,,,,,,,,,,,,,,,,,,,,,,,,,,,,,,,,,,,,,,,,,,,,
77,None,AR,None,Televisores,,,,,,None,None,,https://click1.mercadolibre.com.ar/mclics/clicks/external/MLA/count?a=6H14es8DiNcQy1iLv4kzqMz%2FsWstLA4TThk9Gj86hMcsty%2Fb9XD8xGnlC2rcePpU3VYUyhW3CBYQ7f0YxQKojfrLFmD7jsxcZJk2lfi18CmNrdJAD3AquswdX0QEo9,05/04/2023 15:09:07,,,,,,,,,,,,,,,,,,,,,,,,,,,,,,,,,,,,,,,,,,,,,,,,,,,,,,,,,,,,,,,
78,None,AR,None,Televisores,,,,,,None,None,,https://click1.mercadolibre.com.ar/mclics/clicks/external/MLA/count?a=1mcFSUsspy4mdXi%2BSjS1Zw0lNh1zUFfmaY35p7BupkpW8I5DKecSm%2FElrYWwlOajfInY9ekll%2B4%2Fn5r%2BtI8%2BRVUiRMM2JnD8BWUJK085Doohilgvuql4rN,05/04/2023 15:09:19,,,,,,,,,,,,,,,,,,,,,,,,,,,,,,,,,,,,,,,,,,,,,,,,,,,,,,,,,,,,,,,
79,None,AR,None,Televisores,,,,,,None,None,,https://click1.mercadolibre.com.ar/mclics/clicks/external/MLA/count?a=FC9VroT3Lq2xyxbO1UWbDDH5YfU8a8uPlLF9iHH82lDE4zqt2BVlKR9A954KhUf3Gw%2FVVwDLKMQX3Odcp426NNIyxQFqPPlFUaguRHib1y6P9Ye6pdMi4QDMlO1HQalF,05/04/2023 15:09:37,,,,,,,,,,,,,,,,,,,,,,,,,,,,,,,,,,,,,,,,,,,,,,,,,,,,,,,,,,,,,,,
80,None,AR,None,Televisores,,,,,,None,None,,https://click1.mercadolibre.com.ar/mclics/clicks/external/MLA/count?a=thc1DKIoWzSFkgl6mPS9rR107xtmv51lNP8vpgtZZxIjQGpkog7VrFlDgTqufUb2xbO9Gl99JV%2BuWEU6HKBzKKrd53Y%2FB4v3mE1sTOZ%2FF618a0%2BedmwJ%2FdHh,05/04/2023 15:09:53,,,,,,,,,,,,,,,,,,,,,,,,,,,,,,,,,,,,,,,,,,,,,,,,,,,,,,,,,,,,,,,
81,None,AR,None,Televisores,,,,,,None,None,,https://click1.mercadolibre.com.ar/mclics/clicks/external/MLA/count?a=3gK%2BMTZkBDf8Cy%2FuHClcyoSjkfCAaUzvBHUaNXo%2Fz26JeMMvU1mAFLzHIWFHUsMUbK3YlwNPN%2B76%2F6qcLzjcF6tubVa1sPUoRGR990PvMH7aesum6%2B75Te,05/04/2023 15:10:08,,,,,,,,,,,,,,,,,,,,,,,,,,,,,,,,,,,,,,,,,,,,,,,,,,,,,,,,,,,,,,,
82,None,AR,None,Televisores,,,,,,None,None,,https://click1.mercadolibre.com.ar/mclics/clicks/external/MLA/count?a=Y91JKuilnHvHxpqZ7SFN%2Fl%2F%2BdhJpnszZNVm1uWLbWiPBeuUDrGDULyRwvhskaQjSkIrMxBavtBltLTn2DBwzA05zc2BSdiwCpFzufkYxFb8UHVwLfJIN%2Fjt7VM,05/04/2023 15:10:17,,,,,,,,,,,,,,,,,,,,,,,,,,,,,,,,,,,,,,,,,,,,,,,,,,,,,,,,,,,,,,,
83,None,AR,None,Televisores,,,,,,None,None,,https://articulo.mercadolibre.com.ar/MLA-927162340-smart-tv-50-rca-and50fxuhd-android-uhd-4k-youtube-netflix-_JM#position=44&search_layout=stack&type=item&tracking_id=69741df7-d0f1-4217-a7d2-04f8eb855,05/04/2023 15:10:27,,,,,,,,,,,,,,,,,,,,,,,,,,,,,,,,,,,,,,,,,,,,,,,,,,,,,,,,,,,,,,,
84,None,AR,None,Televisores,,,,,,None,None,,https://www.mercadolibre.com.ar/smart-tv-hitachi-cdh-le40smart19-led-android-oreo-full-hd-40-100v240v/p/MLA18995743?pdp_filters=category:MLA1002#searchVariation=MLA18995743&position=16&search_layout=s,05/04/2023 15:10:39,,,,,,,,,,,,,,,,,,,,,,,,,,,,,,,,,,,,,,,,,,,,,,,,,,,,,,,,,,,,,,,
85,Smart Tv 4k Uhd 50 Pulgadas Rca C50and Android Dolby Hdr Voz,AR,4.8,Televisores,pesos,,104419,55,100,104419,(4 disponibles),20,https://www.mercadolibre.com.ar/smart-tv-4k-uhd-50-pulgadas-rca-c50and-android-dolby-hdr-voz/p/MLA20005230?pdp_filters=category:MLA1002#searchVariation=MLA20005230&position=17&search_layout=stack&type,05/04/2023 15:10:55,RCA,Android TV,C50AND,C50AND,Negro,,Sí,No,No,No,Android TV,,,,,,,9.3 kg,,,,,,LED,"50 """,4K,Sí,,,,,,,Sí,Sí,4,,Sí,Sí,Sí,,,,,,,,,,,,,,,,,,,,,,,
