,name,Country Code,rating,category,Currency,original_price,offer_price,discount_percentage,sales,quantity_available,state,reviews,scrape_link,date_scraped,Marca,Modelo,Voltaje,Frecuencia,Es smart,Cantidad de núcleos del procesador,Capacidad de almacenamiento,Sistema operativo,Con USB,Con HDMI,Cantidad de puertos HDMI,Cantidad de puertos USB,Con Wi-Fi,Con Bluetooth,Con ethernet,Con entrada S/PDIF,Con entrada por video compuesto,Con entrada de antena RF,Con función screen share,Con comando de voz integrado,Asistentes virtuales integrados,Apps integradas,Tamaño de la pantalla,Tipo de resolución,Con HDR,Resolución máxima,Ángulo de visión horizontal,Ángulo de visión vertical,Relación de aspecto,Frecuencia de actualización de la pantalla,Ancho x Profundidad x Altura,Peso,Ancho con soporte,Profundidad con soporte,Altura con soporte,Peso con soporte,Cantidad de parlantes,Potencia máxima de los parlantes,Modos de sonido,Accesorios incluidos,Línea,Modelo alfanumérico,Color,Tipo de pantalla,Es 3D,Es curvo,Es portátil,Con sistema de montaje VESA incorporado,Con entrada por video componentes,Países con control mágico incluido,Con apagado automático,Con VGA,Tiempo de respuesta,Duración del producto,Brillo,Ancho x Altura
0,"Smart TV Xiaomi Mi TV P1 55 4K 55"" 100V/240V",PE,4.8,Televisores,S/,2299,1499,34,100,1,None,34,https://www.mercadolibre.com.pe/smart-tv-xiaomi-mi-tv-p1-55-4k-55-100v240v/p/MPE18916946?pdp_filters=category:MPE1002#searchVariation=MPE18916946&position=1&search_layout=stack&type=product&tracking_i,22/03/2023 12:30:26,Xiaomi,Mi TV P1 55,100V/240V,50 Hz x 60 Hz,Sí,4,16 GB,Android 10,Sí,Sí,3,2,Sí,Sí,Sí,Sí,Sí,Sí,Sí,Sí,Google Assistant,"Netflix, Prime Video","55 """,4K,Sí,3840 px - 2160 px,178°,178°,16:9,60 Hz,1234.9 mm x 89.2 mm x 724.6 mm,11.7 kg,1234.9 mm,285.3 mm,782.2 mm,11.9 kg,2,20 W,"Dolby Audio, DTS-HD","Tornillos, Base, Manual, Cable de alimentación, Control remoto",,,,,,,,,,,,,,,,
1,Televisor Samsung Smart Tv 55  Uhd 4k Un55au7090gxpe,PE,4.9,Televisores,S/,2399,1499,37,100,1,None,15,https://www.mercadolibre.com.pe/televisor-samsung-smart-tv-55-uhd-4k-un55au7090gxpe/p/MPE21835850?pdp_filters=category:MPE1002#searchVariation=MPE21835850&position=2&search_layout=stack&type=product&t,22/03/2023 12:30:30,Samsung,UN55AU7090G,,,Sí,,,,,,,,,,,,,,,,,,"55 """,,,,,,,,,,,,,,,,,,TV,UN55AU7090G,Negro,LED,No,No,No,,,,,,,,,
2,Televisor Samsung Smart Tv 65  Uhd 4k Un65au7090g,PE,4.6,Televisores,S/,3099,1899,38,50,1,None,5,https://www.mercadolibre.com.pe/televisor-samsung-smart-tv-65-uhd-4k-un65au7090g/p/MPE21835848?pdp_filters=category:MPE1002#searchVariation=MPE21835848&position=3&search_layout=stack&type=product&trac,22/03/2023 12:30:33,Samsung,UN65AU7090G,,,Sí,,,,,,,,,,,,,,,,,,"65 """,4K,,,,,,,,,,,,,,,,,Series 7,UN65AU7090G,Negro,,No,No,No,,,,,,,,,
3,"Smart TV LG AI ThinQ 55UP7750PSB LED 4K 55"" 100V/240V",PE,5.0,Televisores,S/,1999,1799,10,100,1,None,11,https://www.mercadolibre.com.pe/smart-tv-lg-ai-thinq-55up7750psb-led-4k-55-100v240v/p/MPE18453149?pdp_filters=category:MPE1002#searchVariation=MPE18453149&position=5&search_layout=stack&type=product&t,22/03/2023 12:30:41,LG,55UP7750,100V/240V,50 Hz x 60 Hz,Sí,4,,webOS 6.0,Sí,Sí,3,2,Sí,Sí,Sí,Sí,,Sí,Sí,Sí,ThinQ AI,"Web browser, Apple TV, Disney+, Netflix","55 """,4K,Sí,3840 px - 2160 px,,,16:9,60 Hz,1235 mm x 57.5 mm x 715 mm,14 kg,1235 mm,231 mm,776 mm,14.2 kg,2,20 W,"Ultra Surround, Clear Voice, AI Sound, Dolby Digital","Control remoto, Cable de alimentación, Base, Baterías",AI ThinQ,55UP7750PSB,,LED,,,,Sí,No,"Colombia, Perú",,,,,,
4,"Smart TV LG Evo OLED55C2PSA 4K 55"" 100V/240V",PE,5.0,Televisores,S/,,5399,,5,1,None,3,https://www.mercadolibre.com.pe/smart-tv-lg-evo-oled55c2psa-4k-55-100v240v/p/MPE21283984?pdp_filters=category:MPE1002#searchVariation=MPE21283984&position=6&search_layout=stack&type=product&tracking_i,22/03/2023 12:30:44,LG,OLED55C2,100V/240V,50 Hz x 60 Hz,Sí,4,,webOS 22,Sí,Sí,4,3,Sí,Sí,Sí,Sí,,Sí,Sí,Sí,ThinQ AI,"Netflix, Disney+, Prime Video, Apple TV+, HBO Max, LG Channels, LG Content Store, Gallery, Music, Web browser, YouTube, Claro Video, Directv GO","55 """,4K,Sí,3840 px - 2160 px,,,16:9,120 Hz,1222 mm x 45.1 mm x 703 mm,12.7 kg,1222 mm,230 mm,757 mm,14.6 kg,4,40 W,"Dolby Atmos, AI Sound Pro, AI Acoustic Tuning, LG Sound Sync, Clear Voice Pro, Dolby Digital, Sound Share","Control remoto, Cable de alimentación, Guía de instalación, Tornillos, Manual, Baterías, Base",Evo,OLED55C2PSA,,OLED,,No,,Sí,,"Brasil, México, Argentina, Chile, Colombia, Uruguay",Sí,,,,,
5,Tv Samsung Smart Tv 50  Uhd 4k Un50au7090gxpe,PE,4.5,Televisores,S/,2199,1459,33,25,1,None,2,https://www.mercadolibre.com.pe/tv-samsung-smart-tv-50-uhd-4k-un50au7090gxpe/p/MPE21788043?pdp_filters=category:MPE1002#searchVariation=MPE21788043&position=7&search_layout=stack&type=product&tracking,22/03/2023 12:30:48,Samsung,UN50AU7090GXPE,,,Sí,,,,,,,,,,,,,,,,,,"50 """,4K,,,,,,,,,,,,,,,,,TV,UN50AU7090GXPE,Negro,LED,No,No,No,,,,,,,,,
6,Televisor Samsung Smart Tv 43  Uhd 4k Un43au7090gxpe,PE,4.0,Televisores,S/,2099,1389,33,5,1,None,1,https://www.mercadolibre.com.pe/televisor-samsung-smart-tv-43-uhd-4k-un43au7090gxpe/p/MPE21643360?pdp_filters=category:MPE1002#searchVariation=MPE21643360&position=10&search_layout=stack&type=product&,22/03/2023 12:31:00,Samsung,UN43AU7090G,,,Sí,,,,,,,,,,,,,,,,,,"43 """,,,,,,,,,,,,,,,,,,Series 7,UN43AU7090G,Negro,LED,No,No,No,,,,,,,,,
7,Televisor Samsung Smart Tv 55  Qled 4k Qn55q65bagxpe (2022),PE,5.0,Televisores,S/,2599,1919,26,50,1,None,4,https://articulo.mercadolibre.com.pe/MPE-620006019-televisor-samsung-smart-tv-55-qled-4k-qn55q65bagxpe-2022-_JM#position=21&search_layout=stack&type=item&tracking_id=61298ac8-411d-4ed2-a5f3-10198e83d8,22/03/2023 12:31:04,Samsung,Smart TV,,,Sí,,,,,,,,,,,,,,,,,,"55 """,,,,,,,,,,,,,,,,,,The Frame,Samsung,,,,,,,,,,,,,,
8,"Smart TV Xiaomi Mi TV P1 50 LED 4K 50"" 100V/240V",PE,None,Televisores,S/,1829,1572,14,5,1,None,,https://www.mercadolibre.com.pe/smart-tv-xiaomi-mi-tv-p1-50-led-4k-50-100v240v/p/MPE18926048?pdp_filters=category:MPE1002#searchVariation=MPE18926048&position=11&search_layout=stack&type=product&track,22/03/2023 12:31:07,Xiaomi,Mi TV P1 50,100V/240V,50 Hz x 60 Hz,Sí,4,16 GB,Android 10,Sí,Sí,3,2,Sí,Sí,Sí,Sí,Sí,Sí,Sí,Sí,Google Assistant,"Netflix, Prime Video, YouTube, Google Play Store, Google Play Movies & TV, PatchWall","50 """,4K,Sí,3840 px - 2160 px,178°,178°,16:9,60 Hz,1117.2 mm x 83.6 mm x 652.5 mm,9.8 kg,1117.2 mm,276.8 mm,710.6 mm,9.9 kg,2,20 W,"Dolby Audio, DTS-HD, Standard","Control remoto, Manual, Cable de alimentación, Base, Tornillos",,,,LED,,,,,,,,,,,,
9,"Smart TV Sony X85J Series KD-65X85J LCD 4K 65"" 220V - 240V",PE,None,Televisores,S/,5999,4499,25,5,1,None,,https://www.mercadolibre.com.pe/smart-tv-sony-x85j-series-kd-65x85j-lcd-4k-65-220v-240v/p/MPE18562453?pdp_filters=category:MPE1002#searchVariation=MPE18562453&position=12&search_layout=stack&type=prod,22/03/2023 12:31:10,Sony,KD-65X85J,220V - 240V,50 Hz x 60 Hz,Sí,,16 GB,Android TV,Sí,Sí,4,2,Sí,Sí,Sí,Sí,Sí,Sí,Sí,,,"Google Play Store, Web browser","65 """,4K,Sí,3840 px - 2160 px,,,16:9,100 Hz,1452 mm x 72 mm x 834 mm,22.1 kg,1452 mm,338 mm,905 mm,,2,20 W,"DTS, Dolby Audio, Dolby Atmos, DTS Digital Surround","Soporte para la mesa, Baterías, Guía de instalación, Control remoto, Manual, Cable de alimentación",X85J Series,,,LCD,,,,Sí,No,,Sí,,,,,
10,Televisor Samsung Smart Tv 50'' Crystal Uhd 4k Un50bu8000gxp,PE,2.6,Televisores,S/,2099,1649,21,25,1,None,5,https://articulo.mercadolibre.com.pe/MPE-621001950-televisor-samsung-smart-tv-50-crystal-uhd-4k-un50bu8000gxp-_JM#position=22&search_layout=stack&type=item&tracking_id=61298ac8-411d-4ed2-a5f3-10198e83,22/03/2023 12:31:17,Samsung,Smart TV,,,Sí,,,,,,,,,,,,,,,,,,"50 """,,,,,,,,,,,,,,,,,,The Frame,Samsung,,,,,,,,,,,,,,
11,Televisor Xiaomi 32  Hd P1 L32m6 Mtk,PE,4.7,Televisores,S/,899,499,44,100,1,None,3,https://articulo.mercadolibre.com.pe/MPE-609352058-televisor-xiaomi-32-hd-p1-l32m6-mtk-_JM#position=23&search_layout=stack&type=item&tracking_id=61298ac8-411d-4ed2-a5f3-10198e83d8dd,22/03/2023 12:31:24,Xiaomi,TV032XIA04,autovoltaje,,Sí,,,,Sí,Sí,,,,,,,,,,,,,"32 """,HD,Sí,,,,,,,,,,,,,,,,P1,TV032XIA04,Negro,LCD,No,No,No,,,,,,,,,
12,Televisor Xiaomi 32  Hd P1 L32m6 Mtk,PE,5.0,Televisores,S/,899,499,44,50,1,None,4,https://articulo.mercadolibre.com.pe/MPE-609352078-televisor-xiaomi-32-hd-p1-l32m6-mtk-_JM#position=25&search_layout=stack&type=item&tracking_id=61298ac8-411d-4ed2-a5f3-10198e83d8dd,22/03/2023 12:31:40,Xiaomi,TV032XIA04,Autovoltaje,,Sí,,,,Sí,Sí,,,,,,,,,,,,,"32 """,HD,Sí,,,,,,,,,,,,,,,,P1,TV032XIA04,Negro,LCD,No,No,No,,,,,,,,,
13,"Smart TV LG AI ThinQ 60UP7750PSB LCD 4K 60"" 100V/240V",PE,5.0,Televisores,S/,2999,2849,5,5,1,None,1,https://www.mercadolibre.com.pe/smart-tv-lg-ai-thinq-60up7750psb-lcd-4k-60-100v240v/p/MPE18517645?pdp_filters=category:MPE1002#searchVariation=MPE18517645&position=15&search_layout=stack&type=product&,22/03/2023 12:31:44,LG,60UP7750,100V/240V,50 Hz x 60 Hz,Sí,4,,webOS 6.0,Sí,Sí,3,2,Sí,Sí,Sí,Sí,,Sí,Sí,Sí,"ThinQ AI, Google Assistant, Alexa","Web browser, Apple TV, Disney+, Netflix, HBO Go, Spotify, Movistar Play, Zapping TV, LG Content Store, Music Player","60 """,4K,Sí,3840 px - 2160 px,,,16:9,60 Hz,1356 mm x 57.5 mm x 783 mm,17.1 kg,1356 mm,269 mm,852 mm,17.4 kg,2,20 W,"Ultra Surround, Clear Voice, AI Sound, AI Acoustic Tuning, Clear Voice III, AI Sound Pro","Cable de alimentación, Control remoto, Base, Baterías, Tornillos, Manual",AI ThinQ,60UP7750PSB,,LCD,,,,Sí,,"Colombia, Chile, Brasil, Argentina",Sí,No,,,,
14,Tv Samsung Ultra Hd 70'' Smart Tv Thinq Ai Un70au7000gxpe,PE,None,Televisores,S/,,2899,,5,1,None,,https://www.mercadolibre.com.pe/tv-samsung-ultra-hd-70-smart-tv-thinq-ai-un70au7000gxpe/p/MPE21340536?pdp_filters=category:MPE1002#searchVariation=MPE21340536&position=16&search_layout=stack&type=prod,22/03/2023 12:31:47,Samsung,UN70AU7000G,100V/240V,,Sí,,,,,,,,,,,,,,,,,,"70 """,,,,,,,,,,,,,,,,,,Series 7,UN70AU7000G,Negro,LED,No,No,No,,,,,,,,,
15,Xiaomi Mi Tv P1 E 65  Lm // Tienda Oficial ,PE,5.0,Televisores,S/,2349,1959,16,5,1,None,2,https://articulo.mercadolibre.com.pe/MPE-617964658-xiaomi-mi-tv-p1-e-65-lm-tienda-oficial-_JM#position=27&search_layout=stack&type=item&tracking_id=61298ac8-411d-4ed2-a5f3-10198e83d8dd,22/03/2023 12:31:54,Xiaomi,P1 E,,,Sí,4,,Android TV,,Sí,,,Sí,Sí,Sí,,,,,,,,"65 """,4K,,,,,,,,18.4 kg,,,,,,,,,Mi,,Negro,4k,,No,No,,,,,,,,,
16,X90k | Bravia Xr | Full Array Led | 4k Ultra Hd | Smart Tv ,PE,None,Televisores,S/,5299,4599,13,5,1,None,,https://articulo.mercadolibre.com.pe/MPE-615872138-x90k-bravia-xr-full-array-led-4k-ultra-hd-smart-tv-_JM#position=28&search_layout=stack&type=item&tracking_id=61298ac8-411d-4ed2-a5f3-10198e83d8dd,22/03/2023 12:31:58,Sony,XR-55X90K,220V,,Sí,,,,Sí,Sí,,,,,,,,,,,,,"55 """,4K,Sí,,,,,,,,,,,,,,,,No aplca,XR-55X90K,Negro,LCD,No,No,No,,,,,,8.5 ms,7 días,,
17,Televisor Samsung Smart Tv 43  Qled 4k Qn43q65bagxpe (2022),PE,None,Televisores,S/,1999,1519,24,5,1,None,,https://articulo.mercadolibre.com.pe/MPE-618439171-televisor-samsung-smart-tv-43-qled-4k-qn43q65bagxpe-2022-_JM#position=29&search_layout=stack&type=item&tracking_id=61298ac8-411d-4ed2-a5f3-10198e83d8,22/03/2023 12:32:02,Samsung,Smart TV,,,Sí,,,,,,,,,,,,,,,,,,"43 """,,,,,,,,,,,,,,,,,,The Frame,Samsung,,,,,,,,,,,,,,
18,Tv Sony 55a80k | 55 Pulgadas | 4k Ultra Hd | Smart Tv (googl,PE,5.0,Televisores,S/,7799,6699,14,5,1,None,1,https://articulo.mercadolibre.com.pe/MPE-616742709-tv-sony-55a80k-55-pulgadas-4k-ultra-hd-smart-tv-googl-_JM#position=32&search_layout=stack&type=item&tracking_id=61298ac8-411d-4ed2-a5f3-10198e83d8dd,22/03/2023 12:32:05,Sony,XR-55A80K,,,Sí,,,Android TV,Sí,Sí,,,,Sí,,,,,,,,,"55 """,4K,Sí,,,,,,,,,,,,,,,,Bravia XR,XR-55A80K,Negro,OLED,No,No,No,,,,,,8.5 ms,7 días,,
19,Samsung Tv 50 Smart Uhd 4k Nuevo Modelo ,PE,3.8,Televisores,S/,,1599,,25,1,None,4,https://articulo.mercadolibre.com.pe/MPE-437081307-samsung-tv-50-smart-uhd-4k-nuevo-modelo-_JM#position=33&search_layout=stack&type=item&tracking_id=61298ac8-411d-4ed2-a5f3-10198e83d8dd,22/03/2023 12:32:08,Samsung,AU7090,110V/2020V,,Sí,,,Tizen,Sí,Sí,2,1,Sí,Sí,,,,,,,,,"50 """,4K,Sí,,,,,,,,,,,,,,Dolby Digital Plus,,Crystal,UN50AU7090G,Negro,LED,No,No,,,,,,,,,,
20,Tv 32 Jvc Smart Tv Digital Wifi Led Nuevo Modelo ,PE,4.7,Televisores,S/,,699,,25,1,None,6,https://articulo.mercadolibre.com.pe/MPE-435894813-tv-32-jvc-smart-tv-digital-wifi-led-nuevo-modelo-_JM#position=36&search_layout=stack&type=item&tracking_id=61298ac8-411d-4ed2-a5f3-10198e83d8dd,22/03/2023 12:32:26,JVC,LT-32KB208,220V,,Sí,,,,Sí,Sí,2,1,Sí,Sí,,,,,,,,,"32 """,HD,Sí,1366 px - 768 px,,,,,,,,,,,2,10 W,,,ANDROID TV,LT-32KB208,Negro,LED,No,No,No,,,,,,,,240 cd/m²,
21,Tv 55 LG Smart Uhd 4k Thinq Ai Nuevo Modelo Sellados ,PE,4.6,Televisores,S/,,1799,,50,1,None,9,https://articulo.mercadolibre.com.pe/MPE-436767910-tv-55-lg-smart-uhd-4k-thinq-ai-nuevo-modelo-sellados-_JM#position=39&search_layout=stack&type=item&tracking_id=61298ac8-411d-4ed2-a5f3-10198e83d8dd,22/03/2023 12:32:40,LG,55UQ7950,100V/240V,,Sí,,,webOS 6.0,Sí,Sí,,,Sí,Sí,,,,,,,,,"55 """,4K,Sí,,,,,,,,,,,,,,"AI Sound,Clear Voice,Dolby Digital,Ultra Surround","Base,Baterías,Cable de alimentación,Control remoto",AI ThinQ 2023,55UQ7950PSB,Negro,LED,No,No,No,,,,,,,,,
22,Televisor Samsung Smart Tv 65  Uhd 4k Un65au7090g,PE,4.8,Televisores,S/,3099,1899,38,25,1,None,4,https://articulo.mercadolibre.com.pe/MPE-609739744-televisor-samsung-smart-tv-65-uhd-4k-un65au7090g-_JM#position=43&search_layout=stack&type=item&tracking_id=61298ac8-411d-4ed2-a5f3-10198e83d8dd,22/03/2023 12:32:52,Samsung,UN65AU7090G,110V/220V,,Sí,,,,Sí,Sí,,,,,,,,,,,,,"65 """,4K,Sí,,,,,,,,,,,,,,,,Series 7,UN65AU7090G,Negro,LED,No,No,No,,,,,,,,,
23,X80k | 4k Ultra Hd | Alto Rango Dinámico (hdr) | Smart Tv,PE,None,Televisores,S/,2999,2699,10,1,1,None,,https://articulo.mercadolibre.com.pe/MPE-619395068-x80k-4k-ultra-hd-alto-rango-dinamico-hdr-smart-tv-_JM#position=44&search_layout=stack&type=item&tracking_id=61298ac8-411d-4ed2-a5f3-10198e83d8dd,22/03/2023 12:32:56,Sony,KD-50X80K,110V/220V,,Sí,,16 GB,,Sí,Sí,,,,Sí,,,,,,,,,"50 """,4K,Sí,,,,,,,,,,,,,,,,TV,KD-50X80K,Negro,LCD,No,No,Sí,,,,,,,7 días,,
24,Sony Kd-65x85j | 4k Ultra Hd | Hdr | Smart Tv (google Tv),PE,None,Televisores,S/,5999,4499,25,5,1,None,,https://articulo.mercadolibre.com.pe/MPE-447568342-sony-kd-65x85j-4k-ultra-hd-hdr-smart-tv-google-tv-_JM#position=45&search_layout=stack&type=item&tracking_id=61298ac8-411d-4ed2-a5f3-10198e83d8dd,22/03/2023 12:32:59,Sony,KD-65X85J,220V - 240V,50 Hz x 60 Hz,Sí,,16 GB,Android TV,Sí,Sí,4,2,Sí,Sí,Sí,Sí,Sí,Sí,Sí,,,"Google Play Store,Web browser","65 """,4K,Sí,3840 px - 2160 px,,,16:9,100 Hz,1452 mm x 72 mm x 834 mm,22.1 kg,1452 mm,338 mm,905 mm,,2,20 W,"DTS,Dolby Audio,Dolby Atmos,DTS Digital Surround","Soporte para la mesa,Baterías,Guía de instalación,Control remoto,Manual,Cable de alimentación",X85J Series,,Negro,LCD,No,No,No,Sí,No,,Sí,,,,,
25,Tv Sony 65x90k | 65 Pulgadas | 4k Ultra Hd| Smart Tv (google,PE,None,Televisores,S/,6599,5799,12,1,1,None,,https://articulo.mercadolibre.com.pe/MPE-616736185-tv-sony-65x90k-65-pulgadas-4k-ultra-hd-smart-tv-google-_JM#position=46&search_layout=stack&type=item&tracking_id=61298ac8-411d-4ed2-a5f3-10198e83d8dd,22/03/2023 12:33:02,Sony,XR-65X90K,,,Sí,,,Android TV,Sí,Sí,,,,Sí,,,,,,,,,"65 """,4K,Sí,,,,,,,,,,,,,,,,Bravia XR,XR-65X90K,Negro,LCD,No,No,No,,,,,,8.5 ms,,,
26,Motorola Smart Tv 43  Fhd Webos Mot43fld01 Magic Control,PE,None,Televisores,S/,1067,992,7,5,1,None,,https://www.mercadolibre.com.pe/motorola-smart-tv-43-fhd-webos-mot43fld01-magic-control/p/MPE21029100?pdp_filters=category:MPE1002#searchVariation=MPE21029100&position=18&search_layout=stack&type=prod,22/03/2023 12:33:09,Motorola,MOT43FLD01,220V,,Sí,,,webOS,Sí,Sí,,,Sí,Sí,,,,,,,,,"43 """,HD,,,,,,,,6.7 kg,,,,,,,,,electro,,Negro,plana,No,No,No,,,,,,,,,95.8 cm x 58 cm
27,Tv LG Uhd 75'' Led 4k-smart Tv-webos- Procesador Ai Thinq,PE,None,Televisores,S/,4099,3299,19,1,1,None,,https://articulo.mercadolibre.com.pe/MPE-620832926-tv-lg-uhd-75-led-4k-smart-tv-webos-procesador-ai-thinq-_JM#position=48&search_layout=stack&type=item&tracking_id=61298ac8-411d-4ed2-a5f3-10198e83d8dd,22/03/2023 12:33:12,LG,75UP7760PSB,220V,,Sí,,,,Sí,Sí,,,,,,,,,,,,,"75 """,,,,,,,,,,,,,,,,,,,,Negro,,,No,No,,,,,,,,,
28,Televisor Samsung Smart Tv 43  Neo Qled 4k Mini Led Qn43qn90,PE,None,Televisores,S/,3799,3199,15,1,1,None,,https://articulo.mercadolibre.com.pe/MPE-618452212-televisor-samsung-smart-tv-43-neo-qled-4k-mini-led-qn43qn90-_JM#position=49&search_layout=stack&type=item&tracking_id=61298ac8-411d-4ed2-a5f3-10198e8,22/03/2023 12:33:15,Samsung,Smart TV,,,Sí,,,,,,,,,,,,,,,,,,"43 """,,,,,,,,,,,,,,,,,,The Frame,Samsung,,,,,,,,,,,,,,
29,Televisor Xiaomi Mi Tv P1 55 Pulgadas 4k Smart Tv 100v/240v ,PE,None,Televisores,S/,2009,1707,15,1,1,None,,https://articulo.mercadolibre.com.pe/MPE-621463220-televisor-xiaomi-mi-tv-p1-55-pulgadas-4k-smart-tv-100v240v-_JM#position=50&search_layout=stack&type=item&tracking_id=61298ac8-411d-4ed2-a5f3-10198e83,22/03/2023 12:33:18,Xiaomi,Mi TV P1 55,100V/240V,50 Hz x 60 Hz,Sí,4,16 GB,Android 10,Sí,Sí,3,2,Sí,Sí,Sí,Sí,Sí,Sí,Sí,Sí,Google Assistant,"Netflix,Prime Video","55 """,4K,Sí,3840 px - 2160 px,178°,178°,16:9,60 Hz,1234.9 mm x 89.2 mm x 724.6 mm,11.7 kg,1234.9 mm,285.3 mm,782.2 mm,11.9 kg,2,20 W,"DTS-HD,Dolby Audio","Base,Cable de alimentación,Control remoto,Manual,Tornillos",P1,,,,,,,,,,,,,,,
30,"Smart TV Hyundai HYLED3248AiM HD 32"" 220V",PE,None,Televisores,S/,1099,569,48,100,1,None,,https://www.mercadolibre.com.pe/smart-tv-hyundai-hyled3248aim-hd-32-220v/p/MPE18609104?pdp_filters=category:MPE1002#searchVariation=MPE18609104&position=4&search_layout=stack&type=product&tracking_id=,22/03/2023 12:34:20,,,,,,,,,,,,,,,,,,,,,,,,,,,,,,,,,,,,,,,,,,,,,,,,,,,,,,,,
31,None,PE,None,Televisores,None,,,,,1,None,,https://click1.mercadolibre.com.pe/mclics/clicks/external/MPE/count?a=n6s5edOF3R9FnxLf6VFIBbatcOTRKedrpZhQyhUYIZhRB%2B9o7OhMqmyXLaNpHk4h%2BiZGw%2FgpqaRpd8V9T6qmTmD4BS0GudwaQSsCOXTJivcXCRGkIWSM8QPnnEOV,22/03/2023 12:34:27,,,,,,,,,,,,,,,,,,,,,,,,,,,,,,,,,,,,,,,,,,,,,,,,,,,,,,,,
32,None,PE,None,Televisores,None,,,,,1,None,,https://click1.mercadolibre.com.pe/mclics/clicks/external/MPE/count?a=NxrmXww3lZ%2B8DSTOLde8NVeEOR5UvbI15TRwUkCT6ODtSodPqK1KmHich%2FMIQjlaA3C72gKnozOSegf5KHiQYjvpxvbJxwKVnTy8BALFLESKHaNXrvhRO5RNOt2QGU,22/03/2023 12:34:33,,,,,,,,,,,,,,,,,,,,,,,,,,,,,,,,,,,,,,,,,,,,,,,,,,,,,,,,
33,"Smart TV Philips 6800 Series 32PHD6825/77 LED HD 32"" 110V/240V",PE,None,Televisores,S/,,749,,5,1,None,,https://www.mercadolibre.com.pe/smart-tv-philips-6800-series-32phd682577-led-hd-32-110v240v/p/MPE18369376?pdp_filters=category:MPE1002#searchVariation=MPE18369376&position=13&search_layout=stack&type=,22/03/2023 12:34:39,,,,,,,,,,,,,,,,,,,,,,,,,,,,,,,,,,,,,,,,,,,,,,,,,,,,,,,,
34,"Smart TV LG AI ThinQ OLED65A1PSA 4K 65"" 100V/240V",PE,None,Televisores,S/,9999,4999,50,1,1,None,,https://www.mercadolibre.com.pe/smart-tv-lg-ai-thinq-oled65a1psa-4k-65-100v240v/p/MPE18482898?pdp_filters=category:MPE1002#searchVariation=MPE18482898&position=14&search_layout=stack&type=product&trac,22/03/2023 12:34:46,LG,OLED65A1,100V/240V,50 Hz x 60 Hz,Sí,4,,webOS 6.0,Sí,Sí,2,1,Sí,Sí,Sí,Sí,,Sí,Sí,Sí,"Google Assistant, Alexa, ThinQ AI","Netflix, HBO Go, Apple TV, Spotify, Movistar Play, Zapping TV, Disney+, LG Content Store, Web browser, LG Channels, Music Player, ThinQ App, YouTube, Gallery","65 """,4K,Sí,3840 px - 2160 px,,,16:9,60 Hz,1449 mm x 46.9 mm x 830 mm,23.7 kg,1449 mm,271 mm,891 mm,24 kg,2,20 W,"AI Sound, Dolby Atmos, AI Acoustic Tuning, OLED Surround, Clear Voice, AI Sound Pro, LG Sound Sync, Dolby Digital, Sound Mode Sync, Sound Share, Sound Alive","Cable de alimentación, Tornillos, Manual, Control remoto, Base, Baterías",AI ThinQ,OLED65A1PSA,,OLED,,,,Sí,,"Brasil, Argentina, Chile, México, Colombia",,No,,,,
35,Televisor Samsung Smart Tv 55  Uhd 4k Un55au7090gxpe,PE,5.0,Televisores,S/,2399,1499,37,100,1,None,12,https://articulo.mercadolibre.com.pe/MPE-608866934-televisor-samsung-smart-tv-55-uhd-4k-un55au7090gxpe-_JM#position=24&search_layout=stack&type=item&tracking_id=61298ac8-411d-4ed2-a5f3-10198e83d8dd,22/03/2023 12:34:52,Samsung,UN55AU7090G,100V/240V,,Sí,,,,Sí,Sí,,,,,,,,,,,,,"55 """,4K,No,,,,,,,,,,,,,,,,TV,UN55AU7090G,Negro,LED,No,No,No,,,,,,,,,
36,None,PE,None,Televisores,None,,,,,1,None,,https://click1.mercadolibre.com.pe/mclics/clicks/external/MPE/count?a=ts60HAWCMKTaixWy%2F1BRPUKnR56AvfNJSqFMw3nN3H%2FbHIQYfGdKPJF93IG1LdminwNMk3gYrAXnjGaRt4PsdlxF4Q2NP6Jv%2BvQYnApok66UJW0t31R57GOh0X1V,22/03/2023 12:34:58,,,,,,,,,,,,,,,,,,,,,,,,,,,,,,,,,,,,,,,,,,,,,,,,,,,,,,,,
37,None,PE,None,Televisores,None,,,,,1,None,,https://click1.mercadolibre.com.pe/mclics/clicks/external/MPE/count?a=3HyeDwYozqL9jd1DfQLcvs41oX%2BrIn%2BeCP4XtRTNkp8tLBvw65NF3FEz7RnZ%2Fe6mAodOUcscT8tIIQdn%2B%2FpsMJ3WC4HYz9oliyXmCeGY2ZMQlB6Lr9yo8Uxh,22/03/2023 12:35:05,,,,,,,,,,,,,,,,,,,,,,,,,,,,,,,,,,,,,,,,,,,,,,,,,,,,,,,,
38,Samsung Tv 65 Smart Uhd 4k Nuevo Modelo ,PE,None,Televisores,S/,,2599,,5,1,None,,https://articulo.mercadolibre.com.pe/MPE-436918749-samsung-tv-65-smart-uhd-4k-nuevo-modelo-_JM#position=26&search_layout=stack&type=item&tracking_id=61298ac8-411d-4ed2-a5f3-10198e83d8dd,22/03/2023 12:35:12,Samsung,BU8000,220V,,Sí,,,Tizen,Sí,Sí,3,2,Sí,Sí,,,,,,,,,"65 """,4K,Sí,,,,,,,,,,,,,,Dolby Digital Plus,,Crystal 2022,UN65BU8000,Negro,LED,,,,,,,,,,,,
39,None,PE,None,Televisores,None,,,,,1,None,,https://click1.mercadolibre.com.pe/mclics/clicks/external/MPE/count?a=aOt5vGHntugtAzPgmOBpGqrnlFn%2BimEGx0kjDjY7XwXlJuCOXYMxH4GxeYvO4d9M6izqt0pDL%2Fg4V55900k72RZ2P%2BYCOiiByw2xJsZ7HLDfrvVpUxdxNYO0nOmY,22/03/2023 12:35:19,,,,,,,,,,,,,,,,,,,,,,,,,,,,,,,,,,,,,,,,,,,,,,,,,,,,,,,,
40,None,PE,None,Televisores,None,,,,,1,None,,https://click1.mercadolibre.com.pe/mclics/clicks/external/MPE/count?a=V6nAACSl07odwZzzDCRJZmhUumwxeSL4gqaPsNjgGihxfQwKi1DrVAH08oLh4n4vBkbNpODheIpNh%2Fst%2FfMWmURkozdY6VNY3%2BDqT0up32d5kivV1DkolkA46vsc,22/03/2023 12:35:27,,,,,,,,,,,,,,,,,,,,,,,,,,,,,,,,,,,,,,,,,,,,,,,,,,,,,,,,
41,Tv 55 Smart Uhd 4ktv Digital Wifi Nuevos Sellados ,PE,None,Televisores,S/,,1399,,5,1,None,,https://articulo.mercadolibre.com.pe/MPE-437347448-tv-55-smart-uhd-4ktv-digital-wifi-nuevos-sellados-_JM#position=34&search_layout=stack&type=item&tracking_id=61298ac8-411d-4ed2-a5f3-10198e83d8dd,22/03/2023 12:35:33,Samsung,UN55AU7000G,220V,,Sí,,,Vidaa,Sí,Sí,3,1,Sí,Sí,,,,,,,,,"55 """,4K,,,,,,,,,,,,,,,,,TV,UN55AU7000G,Negro,LED,No,No,No,,,,,,,,,
42,Xiaomi Mi Tv P1 55 ,PE,None,Televisores,S/,2299,1499,34,5,1,None,,https://articulo.mercadolibre.com.pe/MPE-626174623-xiaomi-mi-tv-p1-55-_JM#position=35&search_layout=stack&type=item&tracking_id=61298ac8-411d-4ed2-a5f3-10198e83d8dd,22/03/2023 12:35:40,Xiaomi,Mi TV P1 55,100V/240V,50 Hz x 60 Hz,Sí,4,16 GB,Android 10,Sí,Sí,3,2,Sí,Sí,Sí,Sí,Sí,Sí,Sí,Sí,Google Assistant,"Netflix,Prime Video","55 """,4K,Sí,3840 px - 2160 px,178°,178°,16:9,60 Hz,1234.9 mm x 89.2 mm x 724.6 mm,11.7 kg,1234.9 mm,285.3 mm,782.2 mm,11.9 kg,2,20 W,"DTS-HD,Dolby Audio","Base,Cable de alimentación,Control remoto,Manual,Tornillos",P1,,,,,,,,,,,,,,,
43,Televisor Sony 55'' 4k Uhd Hdr Google Tv Smart Tv Kd-55x85j,PE,None,Televisores,S/,5299,3999,24,5,1,None,,https://articulo.mercadolibre.com.pe/MPE-447568394-televisor-sony-55-4k-uhd-hdr-google-tv-smart-tv-kd-55x85j-_JM#position=37&search_layout=stack&type=item&tracking_id=61298ac8-411d-4ed2-a5f3-10198e83d,22/03/2023 12:35:45,,,,,,,,,,,,,,,,,,,,,,,,,,,,,,,,,,,,,,,,,,,,,,,,,,,,,,,,
44,"Smart TV Samsung Series 4 UN32T4300AGXUG LED HD 32"" 100V/240V",PE,None,Televisores,S/,,869,,1,1,None,,https://www.mercadolibre.com.pe/smart-tv-samsung-series-4-un32t4300agxug-led-hd-32-100v240v/p/MPE17974125?pdp_filters=category:MPE1002#searchVariation=MPE17974125&position=17&search_layout=stack&type=,22/03/2023 12:35:51,Samsung,UN32T4300,100V/240V,50 Hz x 60 Hz,Sí,,,Tizen,Sí,Sí,2,1,Sí,No,Sí,,,,Sí,,,"Gallery, Web browser, Netflix, Prime Video, Hulu, Apple TV, Disney+, Google Play Movies & TV, Vudu, YouTube, YouTube TV, ESPN","32 """,HD,Sí,1366 px - 768 px,,,16:9,,737.4 mm x 74.1 mm x 438 mm,4 kg,,,,,2,10 W,Dolby Digital Plus,"Control remoto TM1240A, Baterías, Manual, Manual electrónico, Cable de alimentación",Series 4,UN32T4300AGXUG,,LED,,No,,Sí,,,Sí,,,,,
45,Tv Samsung 43 Uhd 4k Smart Tv Digital Nuevo Modelo,PE,4.7,Televisores,S/,,1399,,25,1,None,3,https://articulo.mercadolibre.com.pe/MPE-438739407-tv-samsung-43-uhd-4k-smart-tv-digital-nuevo-modelo-_JM#position=38&search_layout=stack&type=item&tracking_id=61298ac8-411d-4ed2-a5f3-10198e83d8dd,22/03/2023 12:35:57,,,,,,,,,,,,,,,,,,,,,,,,,,,,,,,,,,,,,,,,,,,,,,,,,,,,,,,,
46,X80k | 4k Ultra Hd | Alto Rango Dinámico (hdr) | Smart Tv ,PE,None,Televisores,S/,3899,3099,20,1,1,None,,https://articulo.mercadolibre.com.pe/MPE-615917414-x80k-4k-ultra-hd-alto-rango-dinamico-hdr-smart-tv-_JM#position=40&search_layout=stack&type=item&tracking_id=61298ac8-411d-4ed2-a5f3-10198e83d8dd,22/03/2023 12:36:04,Sony,KD-55X80K,220V,,Sí,,,,Sí,Sí,,,,,,,,,,,,,"55 """,4K,Sí,,,,,,,,,,,,,,,,No aplica,KD-55X80K,Negro,LCD,No,No,No,,,,,,,7 días,,
47,Tv Hisense Led A6h 70  Ultra Hd Smart,PE,None,Televisores,S/,2999,1699,43,5,1,None,,https://articulo.mercadolibre.com.pe/MPE-624640073-tv-hisense-led-a6h-70-ultra-hd-smart-_JM#position=41&search_layout=stack&type=item&tracking_id=61298ac8-411d-4ed2-a5f3-10198e83d8dd,22/03/2023 12:36:10,,,,,,,,,,,,,,,,,,,,,,,,,,,,,,,,,,,,,,,,,,,,,,,,,,,,,,,,
48,Tv 55 Samsung Uhd 4k Nuevo Modelo Sellados ,PE,5.0,Televisores,S/,,1599,,5,1,None,1,https://articulo.mercadolibre.com.pe/MPE-435397049-tv-55-samsung-uhd-4k-nuevo-modelo-sellados-_JM#position=42&search_layout=stack&type=item&tracking_id=61298ac8-411d-4ed2-a5f3-10198e83d8dd,22/03/2023 12:36:15,Samsung,UN55AU7090,220V,,Sí,,,,Sí,Sí,,,Sí,Sí,Sí,,,,,,,,"55 """,4K,,,,,,,,,,,,,,,,,TV,UN55AU7090G,Negro,LED,No,No,No,,,,,,,,,
49,X85k | 4k Ultra Hd | Alto Rango Dinámico (hdr) | Smart Tv,PE,None,Televisores,S/,7499,6499,13,1,1,None,,https://articulo.mercadolibre.com.pe/MPE-615774116-x85k-4k-ultra-hd-alto-rango-dinamico-hdr-smart-tv-_JM#position=47&search_layout=stack&type=item&tracking_id=61298ac8-411d-4ed2-a5f3-10198e83d8dd,22/03/2023 12:36:22,,,,,,,,,,,,,,,,,,,,,,,,,,,,,,,,,,,,,,,,,,,,,,,,,,,,,,,,
