,Country Code,Category,Name,Avg Price,Currency,Nb of Offers,Rank,Rating,Reviews,Description,scrape_link,date_scraped,Varumärke,Bildstorlek,Upplösning,Bildskärmsteknik,HDR,Smart TV,Lanseringsår,Pris/tum,Produktnamn,Kategori,"TV-mottagare, digital",Dubbla mottagare,Stöd för CI/CA-modul,CI+,Typ av digital-mottagare,"Analog 3,5mm-ingång (Aux)",Digital optisk ut (S/PDIF),HDMI,Antal HDMI-ingångar,HDCP-version,HDMI-version,Standarder som stöds,Hörlursutgång,Komponent in (YPbPr/YCbCr),Komposit in,USB-kontakt,Inspelningsfunktion via USB (PVR),USB 2.0,USB 3.1 Gen 1 (5Gbps),USB-kontakter (totalt),VGA in,Övriga anslutningar,Bildfrekvens,Bildförhållande,Bildstorlek (cm),Ljusstyrka,Rörelseförbättring (frekvens/index),Typ av index/mätmetod,Skärmtyp,Stödda videoformat,Uppdateringsfrekvens,Bildfiler som stöds,Ljudfiler som stöds,Ljudformat,Videofiler som stöds,Tillgängliga färger,Utformning panel,"Djup, utan stativ","Höjd, utan stativ",Mått (BxHxD),Bredd,Djup,Höjd,Produktvikt,"Vikt, utan stativ",Funktioner,Internettjänster/appar som stöds,Operativsystem,Ethernet-anslutning,Trådlöst nätverk (Wi-Fi),Trådlös nätverkstandard (IEEE 802.11),3D-stöd (3D-ready),DLNA,Full HD (HD ready 1080p),4K120,Ultra HD-certifierad (UHD/4K),Typ av HDR,Streaming-standarder,VESA-fäste,Typ av VESA-fäste,Inbyggda högtalare,Processorhastighet,Anslutning för 9V/12V/14V,Effektförbrukning drift (min-max),Effektförbrukning standby/viloläge,Energiförbrukning i HDR-läge (per 1000h),Energiförbrukning i SDR-läge (per 1000h),Energiklass (A-G),Energiklass (HDR),Bakbelysning,Diodplacering,Teknologier,Paneltyp,Varumärke,Bildstorlek,Upplösning,Bildskärmsteknik,HDR,Smart TV,Lanseringsår,Pris/tum,Produktnamn,Kategori,"TV-mottagare, digital",Dubbla mottagare,Stöd för CI/CA-modul,CI+,Typ av digital-mottagare,"Analog 3,5mm-ingång (Aux)",Digital optisk ut (S/PDIF),HDMI,Antal HDMI-ingångar,HDCP-version,HDMI-version,Standarder som stöds,Hörlursutgång,Komponent in (YPbPr/YCbCr),Komposit in,USB-kontakt,Inspelningsfunktion via USB (PVR),USB 2.0,USB 3.1 Gen 1 (5Gbps),USB-kontakter (totalt),VGA in,Övriga anslutningar,Bildfrekvens,Bildförhållande,Bildstorlek (cm),Ljusstyrka,Rörelseförbättring (frekvens/index),Typ av index/mätmetod,Skärmtyp,Stödda videoformat,Uppdateringsfrekvens,Bildfiler som stöds,Ljudfiler som stöds,Ljudformat,Videofiler som stöds,Tillgängliga färger,Utformning panel,"Djup, utan stativ","Höjd, utan stativ",Mått (BxHxD),Bredd,Djup,Höjd,Produktvikt,"Vikt, utan stativ",Funktioner,Internettjänster/appar som stöds,Operativsystem,Ethernet-anslutning,Trådlöst nätverk (Wi-Fi),Trådlös nätverkstandard (IEEE 802.11),3D-stöd (3D-ready),DLNA,Full HD (HD ready 1080p),4K120,Ultra HD-certifierad (UHD/4K),Typ av HDR,Streaming-standarder,VESA-fäste,Typ av VESA-fäste,Inbyggda högtalare,Processorhastighet,Anslutning för 9V/12V/14V,Effektförbrukning drift (min-max),Effektförbrukning standby/viloläge,Energiförbrukning i HDR-läge (per 1000h),Energiförbrukning i SDR-läge (per 1000h),Energiklass (A-G),Energiklass (HDR),Bakbelysning,Diodplacering,Teknologier,Paneltyp
0,SW,TV,"LG OLED65C1 65"" 4K Ultra HD (3840x2160) OLED Smart TV",18722.166666666668,SEK,18,Rank 1,4.2,(22 omdömen),"Det billigaste priset för LG OLED65C1 65"" 4K Ultra HD (3840x2160) OLED Smart TV just nu är 12 989 kr. Det är den populäraste produkten i kategorin TV med ett genomsnittligt betyg på 4.2 av 5.  Prisjakt jämför priser och erbjudanden från 18 butiker. ",https://www.prisjakt.nu/produkt.php?p=5732274,14/08/2022 11:22:54,LG,65 tum,4K Ultra HD (3840x2160),OLED,Ja,Ja,2021,199.83 kr/tum,"LG OLED65C1 65"" 4K Ultra HD (3840x2160) OLED Smart TV",TV,Ja,Nej,Ja,Ja,"DVB-T (marksänd digital-TV), DVB-C (digital kabel-TV), DVB-S (satellit-TV), DVB-T2 (marksänd digital-TV, 2:a gen.), DVB-S2 (satellit-TV, 2:a gen.)",0 st,Ja,Ja,4 st,2.2,2.1,eARC,Ja,0 st,0 st,Ja,Ja,3 st,0 st,3 st,Nej,,"24p, 30p, 60p, 50p, 120p",16:9,165 cm,,Ja,LG OLED Motion Pro,OLED,"480p, 576p, 720p, 1080p (Full HD), 1080i, 480i, 576i, 2160p (4K Ultra HD)",120 Hz,"JPEG/JPG, PNG, BMP","MP3, WMA, WAV (PCM), AAC","Dolby Digital 5.1, Dolby Digital Plus, Dolby Atmos","MPEG1, MPEG2, MPEG4, WMV, AVC/H.264, WMV9 HD (VC-1), AVI, Matroska (MKV), MOV, TS, HEVC/H.265, VP9","Svart, Vit, Silver, Grå",Platt,46 mm,831 mm,,1448 mm,251 mm,861 mm,32.61 kg,24 kg,"Bild-i-Bild (PiP), Bluetooth, Röststyrning, Time-shift, Stöd för NFC, Mobilapp för styrning av funktioner, Stöd för HbbTV, Adaptiv synk-teknik, Stöd för HomeKit, ALLM, Variable Refresh Rate (VRR)","YouTube, Spotify, Webbläsare, Netflix, Viaplay, SVT Play, SF Anytime, HBO Nordic, Amazon Prime Video, Apple TV+",WebOS,Ja,Ja,"802.11a, 802.11b, 802.11g, 802.11n (Wi-Fi 4), 802.11ac (Wi-Fi 5)",Nej,Ja,Ja,Ja,Ja,"Dolby Vision, HDR10, HLG","Miracast, AirPlay 2",Ja,300x200mm,Flerkanal,,Nej,126 - 222 W,0.5 W,222 kWh,126 kWh,G,G,,,,,LG,65 tum,4K Ultra HD (3840x2160),OLED,Ja,Ja,2021,199.83 kr/tum,"LG OLED65C1 65"" 4K Ultra HD (3840x2160) OLED Smart TV",TV,Ja,Nej,Ja,Ja,"DVB-T (marksänd digital-TV), DVB-C (digital kabel-TV), DVB-S (satellit-TV), DVB-T2 (marksänd digital-TV, 2:a gen.), DVB-S2 (satellit-TV, 2:a gen.)",0 st,Ja,Ja,4 st,2.2,2.1,eARC,Ja,0 st,0 st,Ja,Ja,3 st,0 st,3 st,Nej,,"24p, 30p, 60p, 50p, 120p",16:9,165 cm,,Ja,LG OLED Motion Pro,OLED,"480p, 576p, 720p, 1080p (Full HD), 1080i, 480i, 576i, 2160p (4K Ultra HD)",120 Hz,"JPEG/JPG, PNG, BMP","MP3, WMA, WAV (PCM), AAC","Dolby Digital 5.1, Dolby Digital Plus, Dolby Atmos","MPEG1, MPEG2, MPEG4, WMV, AVC/H.264, WMV9 HD (VC-1), AVI, Matroska (MKV), MOV, TS, HEVC/H.265, VP9","Svart, Vit, Silver, Grå",Platt,46 mm,831 mm,,1448 mm,251 mm,861 mm,32.61 kg,24 kg,"Bild-i-Bild (PiP), Bluetooth, Röststyrning, Time-shift, Stöd för NFC, Mobilapp för styrning av funktioner, Stöd för HbbTV, Adaptiv synk-teknik, Stöd för HomeKit, ALLM, Variable Refresh Rate (VRR)","YouTube, Spotify, Webbläsare, Netflix, Viaplay, SVT Play, SF Anytime, HBO Nordic, Amazon Prime Video, Apple TV+",WebOS,Ja,Ja,"802.11a, 802.11b, 802.11g, 802.11n (Wi-Fi 4), 802.11ac (Wi-Fi 5)",Nej,Ja,Ja,Ja,Ja,"Dolby Vision, HDR10, HLG","Miracast, AirPlay 2",Ja,300x200mm,Flerkanal,,Nej,126 - 222 W,0.5 W,222 kWh,126 kWh,G,G,,,,
1,SW,TV,"LG OLED55C1 55"" 4K Ultra HD (3840x2160) OLED Smart TV",13332.764705882353,SEK,17,Rank 2,4.1,(3 omdömen),"Det billigaste priset för LG OLED55C1 55"" 4K Ultra HD (3840x2160) OLED Smart TV just nu är 9 490 kr. Det är en av de 10 mest populära produkterna i kategorin TV med ett genomsnittligt betyg på 4.1 av 5.  Prisjakt jämför priser och erbjudanden från 17 butiker. ",https://www.prisjakt.nu/produkt.php?p=5732268,14/08/2022 11:23:01,LG,55 tum,4K Ultra HD (3840x2160),OLED,Ja,Ja,2021,172.55 kr/tum,"LG OLED55C1 55"" 4K Ultra HD (3840x2160) OLED Smart TV",TV,Ja,Ja,Ja,Ja,"DVB-T (marksänd digital-TV), DVB-C (digital kabel-TV), DVB-S (satellit-TV), DVB-T2 (marksänd digital-TV, 2:a gen.), DVB-S2 (satellit-TV, 2:a gen.)",0 st,Ja,Ja,4 st,2.2,2.1,eARC,Ja,0 st,0 st,Ja,Ja,3 st,0 st,3 st,Nej,,"24p, 30p, 60p, 50p, 120p",16:9,139 cm,,Ja,LG OLED Motion Pro,OLED,"480p, 576p, 720p, 1080p (Full HD), 1080i, 480i, 576i, 2160p (4K Ultra HD)",120 Hz,"JPEG/JPG, PNG, BMP","MP3, WMA, WAV (PCM), AAC","Dolby Digital 5.1, Dolby Digital Plus, Dolby Atmos","MPEG1, MPEG2, MPEG4, WMV, AVC/H.264, WMV9 HD (VC-1), AVI, Matroska (MKV), MOV, TS, HEVC/H.265, VP9","Svart, Vit, Silver, Grå",Platt,46.9 mm,810 mm,,1345 mm,251 mm,738 mm,18.8 kg,18.9 kg,"Bild-i-Bild (PiP), Bluetooth, Röststyrning, Time-shift, Stöd för NFC, Mobilapp för styrning av funktioner, Stöd för HbbTV, Adaptiv synk-teknik, Stöd för HomeKit, ALLM, Variable Refresh Rate (VRR)","YouTube, Spotify, Webbläsare, Netflix, Viaplay, HBO GO, SVT Play, TV4 Play, SF Anytime, HBO Nordic, Amazon Prime Video, Apple TV+",WebOS,Ja,Ja,"802.11a, 802.11b, 802.11g, 802.11n (Wi-Fi 4), 802.11ac (Wi-Fi 5)",Nej,Ja,Ja,Ja,Ja,"Dolby Vision, HDR10, HLG","Miracast, AirPlay 2",Ja,300x200mm,Flerkanal,,Nej,106 W,0.5 W,171 kWh,106 kWh,G,G,,,,,LG,55 tum,4K Ultra HD (3840x2160),OLED,Ja,Ja,2021,172.55 kr/tum,"LG OLED55C1 55"" 4K Ultra HD (3840x2160) OLED Smart TV",TV,Ja,Ja,Ja,Ja,"DVB-T (marksänd digital-TV), DVB-C (digital kabel-TV), DVB-S (satellit-TV), DVB-T2 (marksänd digital-TV, 2:a gen.), DVB-S2 (satellit-TV, 2:a gen.)",0 st,Ja,Ja,4 st,2.2,2.1,eARC,Ja,0 st,0 st,Ja,Ja,3 st,0 st,3 st,Nej,,"24p, 30p, 60p, 50p, 120p",16:9,139 cm,,Ja,LG OLED Motion Pro,OLED,"480p, 576p, 720p, 1080p (Full HD), 1080i, 480i, 576i, 2160p (4K Ultra HD)",120 Hz,"JPEG/JPG, PNG, BMP","MP3, WMA, WAV (PCM), AAC","Dolby Digital 5.1, Dolby Digital Plus, Dolby Atmos","MPEG1, MPEG2, MPEG4, WMV, AVC/H.264, WMV9 HD (VC-1), AVI, Matroska (MKV), MOV, TS, HEVC/H.265, VP9","Svart, Vit, Silver, Grå",Platt,46.9 mm,810 mm,,1345 mm,251 mm,738 mm,18.8 kg,18.9 kg,"Bild-i-Bild (PiP), Bluetooth, Röststyrning, Time-shift, Stöd för NFC, Mobilapp för styrning av funktioner, Stöd för HbbTV, Adaptiv synk-teknik, Stöd för HomeKit, ALLM, Variable Refresh Rate (VRR)","YouTube, Spotify, Webbläsare, Netflix, Viaplay, HBO GO, SVT Play, TV4 Play, SF Anytime, HBO Nordic, Amazon Prime Video, Apple TV+",WebOS,Ja,Ja,"802.11a, 802.11b, 802.11g, 802.11n (Wi-Fi 4), 802.11ac (Wi-Fi 5)",Nej,Ja,Ja,Ja,Ja,"Dolby Vision, HDR10, HLG","Miracast, AirPlay 2",Ja,300x200mm,Flerkanal,,Nej,106 W,0.5 W,171 kWh,106 kWh,G,G,,,,
2,SW,TV,"Philips 58PUS9006 58"" 4K Ultra HD (3840x2160) LCD Smart TV",10604.285714285714,SEK,7,Rank 3,3.7,(2 omdömen),"Det billigaste priset för Philips 58PUS9006 58"" 4K Ultra HD (3840x2160) LCD Smart TV just nu är 5 990 kr. Det är en av de 10 mest populära produkterna i kategorin TV med ett genomsnittligt betyg på 3.7 av 5.  Prisjakt jämför priser och erbjudanden från 7 butiker. ",https://www.prisjakt.nu/produkt.php?p=5785188,14/08/2022 11:23:04,Philips,58 tum,4K Ultra HD (3840x2160),LCD,Ja,Ja,,103.28 kr/tum,"Philips 58PUS9006 58"" 4K Ultra HD (3840x2160) LCD Smart TV",TV,Ja,Nej,Ja,Ja,"DVB-T (marksänd digital-TV), DVB-C (digital kabel-TV), DVB-S (satellit-TV), DVB-T2 (marksänd digital-TV, 2:a gen.), DVB-S2 (satellit-TV, 2:a gen.)",,Ja,Ja,4 st,,2.1,,Ja,,,Ja,,,,2 st,,,"24p, 30p, 60p, 50p",16:9,146 cm,,,,LED,"480p, 576p, 720p, 1080p (Full HD), 1080i, 480i, 576i, 2160p (4K Ultra HD)",50 Hz,"JPEG/JPG, BMP, GIF","MP3, WMA, WAV (PCM), AAC",Dolby Atmos,"MPEG1, MPEG2, MPEG4, AVC/H.264, AVI, Matroska (MKV), HEVC/H.265",Grå,Platt,80 mm,749.7 mm,,1290 mm,1290 mm,820 mm,20.2 kg,17.4 kg,"Bluetooth, Röststyrning, Omgivningsljus (Ambilight), Stöd för HbbTV, Adaptiv synk-teknik, ALLM, Variable Refresh Rate (VRR)","YouTube, Spotify, Netflix, SVT Play, Amazon Prime Video",Android TV,Ja,Ja,"802.11a, 802.11ac (Wi-Fi 5)",Nej,Ja,Ja,,Ja,"Dolby Vision, HDR10, HLG, HDR10+",,Ja,200x300mm,2-kanal (Stereo),,Nej,90 W,0.3 W,128 kWh,90 kWh,,G,LED (lysdiod),Bakbelyst (Back),,VA,Philips,58 tum,4K Ultra HD (3840x2160),LCD,Ja,Ja,,103.28 kr/tum,"Philips 58PUS9006 58"" 4K Ultra HD (3840x2160) LCD Smart TV",TV,Ja,Nej,Ja,Ja,"DVB-T (marksänd digital-TV), DVB-C (digital kabel-TV), DVB-S (satellit-TV), DVB-T2 (marksänd digital-TV, 2:a gen.), DVB-S2 (satellit-TV, 2:a gen.)",,Ja,Ja,4 st,,2.1,,Ja,,,Ja,,,,2 st,,,"24p, 30p, 60p, 50p",16:9,146 cm,,,,LED,"480p, 576p, 720p, 1080p (Full HD), 1080i, 480i, 576i, 2160p (4K Ultra HD)",50 Hz,"JPEG/JPG, BMP, GIF","MP3, WMA, WAV (PCM), AAC",Dolby Atmos,"MPEG1, MPEG2, MPEG4, AVC/H.264, AVI, Matroska (MKV), HEVC/H.265",Grå,Platt,80 mm,749.7 mm,,1290 mm,1290 mm,820 mm,20.2 kg,17.4 kg,"Bluetooth, Röststyrning, Omgivningsljus (Ambilight), Stöd för HbbTV, Adaptiv synk-teknik, ALLM, Variable Refresh Rate (VRR)","YouTube, Spotify, Netflix, SVT Play, Amazon Prime Video",Android TV,Ja,Ja,"802.11a, 802.11ac (Wi-Fi 5)",Nej,Ja,Ja,,Ja,"Dolby Vision, HDR10, HLG, HDR10+",,Ja,200x300mm,2-kanal (Stereo),,Nej,90 W,0.3 W,128 kWh,90 kWh,,G,LED (lysdiod),Bakbelyst (Back),,VA
3,SW,TV,"LG OLED77B1 77"" 4K Ultra HD (3840x2160) OLED Smart TV",23323.333333333332,SEK,3,Rank 4,4.1,(4 omdömen),"Det billigaste priset för LG OLED77B1 77"" 4K Ultra HD (3840x2160) OLED Smart TV just nu är 19 990 kr. Det är en av de 10 mest populära produkterna i kategorin TV med ett genomsnittligt betyg på 4.1 av 5.  Prisjakt jämför priser och erbjudanden från 3 butiker. ",https://www.prisjakt.nu/produkt.php?p=5724842,14/08/2022 11:23:07,LG,77 tum,4K Ultra HD (3840x2160),OLED,Ja,Ja,2021,,,,,,,,,,,,,,,,,,,,,,,,,,,,,,,,,,,,,,,,,,,,,,,,,,,,,,,,,,,,,,,,,,,,,,,,,,,,,LG,77 tum,4K Ultra HD (3840x2160),OLED,Ja,Ja,2021,,,,,,,,,,,,,,,,,,,,,,,,,,,,,,,,,,,,,,,,,,,,,,,,,,,,,,,,,,,,,,,,,,,,,,,,,,,,
4,SW,TV,"Samsung QLED QE50Q60A 50"" 4K Ultra HD (3840x2160) Smart TV",7230.375,SEK,16,Rank 5,,,"Det billigaste priset för Samsung QLED QE50Q60A 50"" 4K Ultra HD (3840x2160) Smart TV just nu är 5 490 kr. Det är en av de 10 mest populära produkterna i kategorin TV.  Prisjakt jämför priser och erbjudanden från 16 butiker. ",https://www.prisjakt.nu/produkt.php?p=5731001,14/08/2022 11:23:11,Samsung,50 tum,4K Ultra HD (3840x2160),LCD,Ja,Ja,2021,109.8 kr/tum,"Samsung QLED QE50Q60A 50"" 4K Ultra HD (3840x2160) Smart TV",TV,Ja,,Ja,Ja,"DVB-T (marksänd digital-TV), DVB-C (digital kabel-TV), DVB-S (satellit-TV), DVB-T2 (marksänd digital-TV, 2:a gen.), DVB-S2 (satellit-TV, 2:a gen.)",,Ja,Ja,3 st,,2.0,,,,,Ja,Ja,,,2 st,,,"24p, 30p, 60p, 50p",16:9,125 cm,,Ja,Samsung Picture Quality Index (PQI) 3100,QLED,"480p, 576p, 720p, 1080p (Full HD), 1080i, 480i, 576i, 2160p (4K Ultra HD)",50 Hz,,,Dolby Digital Plus,,Svart,Platt,25.7 mm,644.5 mm,,1118.3 mm,228.8 mm,683.6 mm,12.2 kg,11.5 kg,"Bluetooth, Röststyrning, Time-shift, Stöd för HbbTV, ALLM",Webbläsare,Tizen OS,Ja,Ja,"802.11a, 802.11ac (Wi-Fi 5)",,Ja,Ja,,Ja,"HDR10, HLG",,Ja,200x200mm,,,Nej,67 W,0.5 W,100 kWh,67 kWh,G,G,LED (lysdiod),Bakbelyst (Back),Quantum dot,,Samsung,50 tum,4K Ultra HD (3840x2160),LCD,Ja,Ja,2021,109.8 kr/tum,"Samsung QLED QE50Q60A 50"" 4K Ultra HD (3840x2160) Smart TV",TV,Ja,,Ja,Ja,"DVB-T (marksänd digital-TV), DVB-C (digital kabel-TV), DVB-S (satellit-TV), DVB-T2 (marksänd digital-TV, 2:a gen.), DVB-S2 (satellit-TV, 2:a gen.)",,Ja,Ja,3 st,,2.0,,,,,Ja,Ja,,,2 st,,,"24p, 30p, 60p, 50p",16:9,125 cm,,Ja,Samsung Picture Quality Index (PQI) 3100,QLED,"480p, 576p, 720p, 1080p (Full HD), 1080i, 480i, 576i, 2160p (4K Ultra HD)",50 Hz,,,Dolby Digital Plus,,Svart,Platt,25.7 mm,644.5 mm,,1118.3 mm,228.8 mm,683.6 mm,12.2 kg,11.5 kg,"Bluetooth, Röststyrning, Time-shift, Stöd för HbbTV, ALLM",Webbläsare,Tizen OS,Ja,Ja,"802.11a, 802.11ac (Wi-Fi 5)",,Ja,Ja,,Ja,"HDR10, HLG",,Ja,200x200mm,,,Nej,67 W,0.5 W,100 kWh,67 kWh,G,G,LED (lysdiod),Bakbelyst (Back),Quantum dot,
5,SW,TV,"LG OLED55B1 55"" 4K Ultra HD (3840x2160) OLED Smart TV",10709.444444444445,SEK,9,Rank 6,4.2,(5 omdömen),"Det billigaste priset för LG OLED55B1 55"" 4K Ultra HD (3840x2160) OLED Smart TV just nu är 8 990 kr. Det är en av de 10 mest populära produkterna i kategorin TV med ett genomsnittligt betyg på 4.2 av 5.  Prisjakt jämför priser och erbjudanden från 9 butiker. ",https://www.prisjakt.nu/produkt.php?p=5724832,14/08/2022 11:23:14,LG,55 tum,4K Ultra HD (3840x2160),OLED,Ja,Ja,2021,,,,,,,,,,,,,,,,,,,,,,,,,,,,,,,,,,,,,,,,,,,,,,,,,,,,,,,,,,,,,,,,,,,,,,,,,,,,,LG,55 tum,4K Ultra HD (3840x2160),OLED,Ja,Ja,2021,,,,,,,,,,,,,,,,,,,,,,,,,,,,,,,,,,,,,,,,,,,,,,,,,,,,,,,,,,,,,,,,,,,,,,,,,,,,
6,SW,TV,"Samsung The Frame QE32LS03T 32"" Full HD (1920x1080) QLED Smart TV",4392.066666666667,SEK,15,Rank 7,,,"Det billigaste priset för Samsung The Frame QE32LS03T 32"" Full HD (1920x1080) QLED Smart TV just nu är 3 634 kr. Det är en av de 10 mest populära produkterna i kategorin TV.  Prisjakt jämför priser och erbjudanden från 25 butiker. ",https://www.prisjakt.nu/produkt.php?p=5855235,14/08/2022 11:23:17,Samsung,32 tum,Full HD (1920x1080),LCD,Ja,Ja,2020,113.56 kr/tum,"Samsung The Frame QE32LS03T 32"" Full HD (1920x1080) QLED Smart TV",TV,Ja,,Ja,Ja,"DVB-C (digital kabel-TV), DVB-T2 (marksänd digital-TV, 2:a gen.), DVB-S2 (satellit-TV, 2:a gen.)",,Ja,Ja,2 st,,,ARC,,,,Ja,,,,2 st,,,,16:9,80 cm,,Ja,Samsung Picture Quality Index (PQI) 1000,,"720p, 1080p (Full HD), 1080i, 2160p (4K Ultra HD)",,,MP3,,,"Svart, Vit, Rosa, Titan",Platt,24.7 mm,419.4 mm,,728.9 mm,143 mm,452 mm,5.3 kg,5.3 kg,"Bluetooth, One Connect",,Tizen OS,,Ja,802.11ac (Wi-Fi 5),,,Ja,,Nej,,,,,2-kanal (Stereo),,,33 - 55 W,0.5 W,55 kWh,33 kWh,G,,LED (lysdiod),,Quantum dot,,Samsung,32 tum,Full HD (1920x1080),LCD,Ja,Ja,2020,113.56 kr/tum,"Samsung The Frame QE32LS03T 32"" Full HD (1920x1080) QLED Smart TV",TV,Ja,,Ja,Ja,"DVB-C (digital kabel-TV), DVB-T2 (marksänd digital-TV, 2:a gen.), DVB-S2 (satellit-TV, 2:a gen.)",,Ja,Ja,2 st,,,ARC,,,,Ja,,,,2 st,,,,16:9,80 cm,,Ja,Samsung Picture Quality Index (PQI) 1000,,"720p, 1080p (Full HD), 1080i, 2160p (4K Ultra HD)",,,MP3,,,"Svart, Vit, Rosa, Titan",Platt,24.7 mm,419.4 mm,,728.9 mm,143 mm,452 mm,5.3 kg,5.3 kg,"Bluetooth, One Connect",,Tizen OS,,Ja,802.11ac (Wi-Fi 5),,,Ja,,Nej,,,,,2-kanal (Stereo),,,33 - 55 W,0.5 W,55 kWh,33 kWh,G,,LED (lysdiod),,Quantum dot,
7,SW,TV,"LG OLED48C1 48"" 4K Ultra HD (3840x2160) OLED Smart TV",12048.307692307691,SEK,13,Rank 8,3.7,(4 omdömen),"Det billigaste priset för LG OLED48C1 48"" 4K Ultra HD (3840x2160) OLED Smart TV just nu är 8 876 kr. Det är en av de 10 mest populära produkterna i kategorin TV med ett genomsnittligt betyg på 3.7 av 5.  Prisjakt jämför priser och erbjudanden från 13 butiker. ",https://www.prisjakt.nu/produkt.php?p=5732267,14/08/2022 11:23:21,LG,48 tum,4K Ultra HD (3840x2160),OLED,Ja,Ja,2021,,,,,,,,,,,,,,,,,,,,,,,,,,,,,,,,,,,,,,,,,,,,,,,,,,,,,,,,,,,,,,,,,,,,,,,,,,,,,LG,48 tum,4K Ultra HD (3840x2160),OLED,Ja,Ja,2021,,,,,,,,,,,,,,,,,,,,,,,,,,,,,,,,,,,,,,,,,,,,,,,,,,,,,,,,,,,,,,,,,,,,,,,,,,,,
8,SW,TV,"Samsung QLED QE65QN85A 65"" 4K Ultra HD (3840x2160) Smart TV",15528.466666666667,SEK,15,Rank 9,3.8,(1 omdöme),"Det billigaste priset för Samsung QLED QE65QN85A 65"" 4K Ultra HD (3840x2160) Smart TV just nu är 12 450 kr. Det är en av de 10 mest populära produkterna i kategorin TV med ett genomsnittligt betyg på 3.8 av 5.  Prisjakt jämför priser och erbjudanden från 15 butiker. ",https://www.prisjakt.nu/produkt.php?p=5727078,14/08/2022 11:23:26,Samsung,65 tum,4K Ultra HD (3840x2160),LCD,Ja,Ja,2021,191.54 kr/tum,"Samsung QLED QE65QN85A 65"" 4K Ultra HD (3840x2160) Smart TV",TV,Ja,Ja,Ja,Ja,"DVB-T (marksänd digital-TV), DVB-C (digital kabel-TV), DVB-S (satellit-TV), DVB-T2 (marksänd digital-TV, 2:a gen.), DVB-S2 (satellit-TV, 2:a gen.)",,,Ja,4 st,,2.1,eARC,Nej,,,Ja,,,,2 st,,,"24p, 30p, 60p, 50p, 120p",16:9,163 cm,,,,Neo QLED,"480p, 576p, 720p, 1080p (Full HD), 1080i, 480i, 576i, 2160p (4K Ultra HD)",,,,,,"Svart, Silver, Grå",Platt,26.9 mm,,,1446.3 mm,290 mm,891.1 mm,28.1 kg,24.2 kg,"Bild-i-Bild (PiP), Bluetooth, Röststyrning, Stöd för NFC, Adaptiv synk-teknik, ALLM, Variable Refresh Rate (VRR)",,Tizen OS,,Ja,802.11ac (Wi-Fi 5),,Ja,Ja,Ja,Ja,"HDR10, HLG, HDR10+",,Ja,400x300mm,2-kanal (Stereo),,Nej,,0.5 W,193 kWh,101 kWh,F,G,LED (lysdiod),Bakbelyst (Back),"Quantum dot, Local Dimming, Mini-LED",IPS,Samsung,65 tum,4K Ultra HD (3840x2160),LCD,Ja,Ja,2021,191.54 kr/tum,"Samsung QLED QE65QN85A 65"" 4K Ultra HD (3840x2160) Smart TV",TV,Ja,Ja,Ja,Ja,"DVB-T (marksänd digital-TV), DVB-C (digital kabel-TV), DVB-S (satellit-TV), DVB-T2 (marksänd digital-TV, 2:a gen.), DVB-S2 (satellit-TV, 2:a gen.)",,,Ja,4 st,,2.1,eARC,Nej,,,Ja,,,,2 st,,,"24p, 30p, 60p, 50p, 120p",16:9,163 cm,,,,Neo QLED,"480p, 576p, 720p, 1080p (Full HD), 1080i, 480i, 576i, 2160p (4K Ultra HD)",,,,,,"Svart, Silver, Grå",Platt,26.9 mm,,,1446.3 mm,290 mm,891.1 mm,28.1 kg,24.2 kg,"Bild-i-Bild (PiP), Bluetooth, Röststyrning, Stöd för NFC, Adaptiv synk-teknik, ALLM, Variable Refresh Rate (VRR)",,Tizen OS,,Ja,802.11ac (Wi-Fi 5),,Ja,Ja,Ja,Ja,"HDR10, HLG, HDR10+",,Ja,400x300mm,2-kanal (Stereo),,Nej,,0.5 W,193 kWh,101 kWh,F,G,LED (lysdiod),Bakbelyst (Back),"Quantum dot, Local Dimming, Mini-LED",IPS
9,SW,TV,"Samsung QLED QE65QN90A 65"" 4K Ultra HD (3840x2160) Smart TV",18879.785714285714,SEK,14,Rank 10,3.5,(4 omdömen),"Det billigaste priset för Samsung QLED QE65QN90A 65"" 4K Ultra HD (3840x2160) Smart TV just nu är 12 990 kr. Det är en av de 10 mest populära produkterna i kategorin TV med ett genomsnittligt betyg på 3.5 av 5.  Prisjakt jämför priser och erbjudanden från 14 butiker. ",https://www.prisjakt.nu/produkt.php?p=5727077,14/08/2022 11:23:29,Samsung,65 tum,4K Ultra HD (3840x2160),LCD,Ja,Ja,2021,,,,,,,,,,,,,,,,,,,,,,,,,,,,,,,,,,,,,,,,,,,,,,,,,,,,,,,,,,,,,,,,,,,,,,,,,,,,,Samsung,65 tum,4K Ultra HD (3840x2160),LCD,Ja,Ja,2021,,,,,,,,,,,,,,,,,,,,,,,,,,,,,,,,,,,,,,,,,,,,,,,,,,,,,,,,,,,,,,,,,,,,,,,,,,,,
10,SW,TV,"LG 65QNED99 65"" 8K (7680x4320) LCD Smart TV",40380.333333333336,SEK,6,Rank 11,,,"Det billigaste priset för LG 65QNED99 65"" 8K (7680x4320) LCD Smart TV just nu är 35 990 kr. Det är en av de 100 mest populära produkterna i kategorin TV.  Prisjakt jämför priser och erbjudanden från 6 butiker. ",https://www.prisjakt.nu/produkt.php?p=5753940,14/08/2022 11:23:33,LG,65 tum,8K (7680x4320),LCD,Ja,Ja,2021,,,,,,,,,,,,,,,,,,,,,,,,,,,,,,,,,,,,,,,,,,,,,,,,,,,,,,,,,,,,,,,,,,,,,,,,,,,,,LG,65 tum,8K (7680x4320),LCD,Ja,Ja,2021,,,,,,,,,,,,,,,,,,,,,,,,,,,,,,,,,,,,,,,,,,,,,,,,,,,,,,,,,,,,,,,,,,,,,,,,,,,,
11,SW,TV,"Philips 55OLED706 55"" 4K Ultra HD (3840x2160) OLED Smart TV",13407.066666666668,SEK,15,Rank 12,4.1,(3 omdömen),"Det billigaste priset för Philips 55OLED706 55"" 4K Ultra HD (3840x2160) OLED Smart TV just nu är 7 990 kr. Det är en av de 100 mest populära produkterna i kategorin TV med ett genomsnittligt betyg på 4.1 av 5.  Prisjakt jämför priser och erbjudanden från 15 butiker. ",https://www.prisjakt.nu/produkt.php?p=5729561,14/08/2022 11:23:38,Philips,55 tum,4K Ultra HD (3840x2160),OLED,Ja,Ja,,145.27 kr/tum,"Philips 55OLED706 55"" 4K Ultra HD (3840x2160) OLED Smart TV",TV,Ja,Nej,Ja,Ja,"DVB-T (marksänd digital-TV), DVB-C (digital kabel-TV), DVB-S (satellit-TV), DVB-T2 (marksänd digital-TV, 2:a gen.), DVB-S2 (satellit-TV, 2:a gen.)",,Ja,Ja,4 st,2.3,2.1,"eARC, ARC",Ja,,,Ja,Ja,2 st,1 st,3 st,Nej,,"24p, 30p, 60p, 50p, 120p",16:9,139 cm,,,,OLED,2160p (4K Ultra HD),100 Hz,"JPEG/JPG, PNG, BMP, GIF","MP3, WMA, WAV (PCM), AAC, eAAC+",Dolby Atmos,"MPEG1, MPEG2, MPEG4, AVC/H.264, AVI, Matroska (MKV), HEVC/H.265","Svart, Silver, Grå",Platt,47 mm,860 mm,,1228 mm,230 mm,722 mm,19.4 kg,19 kg,"Bluetooth, Röststyrning, Omgivningsljus (Ambilight), Inbyggd hårddisk, Stöd för HbbTV, Adaptiv synk-teknik, Variable Refresh Rate (VRR)","YouTube, Spotify, Webbläsare, Netflix, SVT Play, Amazon Prime Video",Android TV,Ja,Ja,"802.11a, 802.11b, 802.11g, 802.11n (Wi-Fi 4), 802.11ac (Wi-Fi 5)",Nej,Ja,Ja,Ja,Ja,"Dolby Vision, HDR10, HLG, HDR10+",,Ja,300x300mm,2-kanal (Stereo),,Nej,105 W,2 W,89 kWh,105 kWh,G,G,,,,,Philips,55 tum,4K Ultra HD (3840x2160),OLED,Ja,Ja,,145.27 kr/tum,"Philips 55OLED706 55"" 4K Ultra HD (3840x2160) OLED Smart TV",TV,Ja,Nej,Ja,Ja,"DVB-T (marksänd digital-TV), DVB-C (digital kabel-TV), DVB-S (satellit-TV), DVB-T2 (marksänd digital-TV, 2:a gen.), DVB-S2 (satellit-TV, 2:a gen.)",,Ja,Ja,4 st,2.3,2.1,"eARC, ARC",Ja,,,Ja,Ja,2 st,1 st,3 st,Nej,,"24p, 30p, 60p, 50p, 120p",16:9,139 cm,,,,OLED,2160p (4K Ultra HD),100 Hz,"JPEG/JPG, PNG, BMP, GIF","MP3, WMA, WAV (PCM), AAC, eAAC+",Dolby Atmos,"MPEG1, MPEG2, MPEG4, AVC/H.264, AVI, Matroska (MKV), HEVC/H.265","Svart, Silver, Grå",Platt,47 mm,860 mm,,1228 mm,230 mm,722 mm,19.4 kg,19 kg,"Bluetooth, Röststyrning, Omgivningsljus (Ambilight), Inbyggd hårddisk, Stöd för HbbTV, Adaptiv synk-teknik, Variable Refresh Rate (VRR)","YouTube, Spotify, Webbläsare, Netflix, SVT Play, Amazon Prime Video",Android TV,Ja,Ja,"802.11a, 802.11b, 802.11g, 802.11n (Wi-Fi 4), 802.11ac (Wi-Fi 5)",Nej,Ja,Ja,Ja,Ja,"Dolby Vision, HDR10, HLG, HDR10+",,Ja,300x300mm,2-kanal (Stereo),,Nej,105 W,2 W,89 kWh,105 kWh,G,G,,,,
12,SW,TV,"LG OLED65B1 65"" 4K Ultra HD (3840x2160) OLED Smart TV",13619.636363636364,SEK,11,Rank 13,4.4,(6 omdömen),"Det billigaste priset för LG OLED65B1 65"" 4K Ultra HD (3840x2160) OLED Smart TV just nu är 11 987 kr. Det är en av de 100 mest populära produkterna i kategorin TV med ett genomsnittligt betyg på 4.4 av 5.  Prisjakt jämför priser och erbjudanden från 11 butiker. ",https://www.prisjakt.nu/produkt.php?p=5724833,14/08/2022 11:23:41,LG,65 tum,4K Ultra HD (3840x2160),OLED,Ja,Ja,2021,184.42 kr/tum,"LG OLED65B1 65"" 4K Ultra HD (3840x2160) OLED Smart TV",TV,Ja,Ja,Ja,Ja,"DVB-T (marksänd digital-TV), DVB-C (digital kabel-TV), DVB-S (satellit-TV), DVB-T2 (marksänd digital-TV, 2:a gen.), DVB-S2 (satellit-TV, 2:a gen.)",0 st,Ja,Ja,4 st,2.2,2.1,eARC,Ja,0 st,,Ja,,,,3 st,Nej,,"24p, 30p, 60p, 50p, 120p",16:9,165 cm,,Ja,LG OLED Motion Pro,OLED,"480p, 576p, 720p, 1080p (Full HD), 1080i, 480i, 576i, 2160p (4K Ultra HD)",120 Hz,,"MP3, WMA, AAC",Dolby Atmos,HEVC/H.265,"Svart, Silver, Grå",Platt,46.9 mm,830 mm,,1449 mm,246 mm,869 mm,25 kg,24 kg,"Bluetooth, Röststyrning, Adaptiv synk-teknik, ALLM, Variable Refresh Rate (VRR)","YouTube, Webbläsare, Netflix, Viaplay, SVT Play, Amazon Prime Video, Apple TV+",WebOS,Ja,Ja,"802.11a, 802.11b, 802.11g, 802.11n (Wi-Fi 4), 802.11ac (Wi-Fi 5)",Nej,Ja,Ja,Ja,Ja,"Dolby Vision, HDR10, HLG",,Ja,300x200mm,2-kanal (Stereo),,Nej,122 W,0.5 W,235 kWh,122 kWh,G,G,,,,,LG,65 tum,4K Ultra HD (3840x2160),OLED,Ja,Ja,2021,184.42 kr/tum,"LG OLED65B1 65"" 4K Ultra HD (3840x2160) OLED Smart TV",TV,Ja,Ja,Ja,Ja,"DVB-T (marksänd digital-TV), DVB-C (digital kabel-TV), DVB-S (satellit-TV), DVB-T2 (marksänd digital-TV, 2:a gen.), DVB-S2 (satellit-TV, 2:a gen.)",0 st,Ja,Ja,4 st,2.2,2.1,eARC,Ja,0 st,,Ja,,,,3 st,Nej,,"24p, 30p, 60p, 50p, 120p",16:9,165 cm,,Ja,LG OLED Motion Pro,OLED,"480p, 576p, 720p, 1080p (Full HD), 1080i, 480i, 576i, 2160p (4K Ultra HD)",120 Hz,,"MP3, WMA, AAC",Dolby Atmos,HEVC/H.265,"Svart, Silver, Grå",Platt,46.9 mm,830 mm,,1449 mm,246 mm,869 mm,25 kg,24 kg,"Bluetooth, Röststyrning, Adaptiv synk-teknik, ALLM, Variable Refresh Rate (VRR)","YouTube, Webbläsare, Netflix, Viaplay, SVT Play, Amazon Prime Video, Apple TV+",WebOS,Ja,Ja,"802.11a, 802.11b, 802.11g, 802.11n (Wi-Fi 4), 802.11ac (Wi-Fi 5)",Nej,Ja,Ja,Ja,Ja,"Dolby Vision, HDR10, HLG",,Ja,300x200mm,2-kanal (Stereo),,Nej,122 W,0.5 W,235 kWh,122 kWh,G,G,,,,
13,SW,TV,"Samsung The Frame QE50LS03A 50"" 4K Ultra HD (3840x2160) QLED Smart TV",9258.2,SEK,20,Rank 14,3,(1 omdöme),"Det billigaste priset för Samsung The Frame QE50LS03A 50"" 4K Ultra HD (3840x2160) QLED Smart TV just nu är 7 135 kr. Det är en av de 100 mest populära produkterna i kategorin TV med ett genomsnittligt betyg på 3.0 av 5.  Prisjakt jämför priser och erbjudanden från 20 butiker. ",https://www.prisjakt.nu/produkt.php?p=5742871,14/08/2022 11:23:47,Samsung,50 tum,4K Ultra HD (3840x2160),LCD,Ja,Ja,2021,142.7 kr/tum,"Samsung The Frame QE50LS03A 50"" 4K Ultra HD (3840x2160) QLED Smart TV",TV,Ja,Nej,Ja,Ja,"DVB-T (marksänd digital-TV), DVB-C (digital kabel-TV), DVB-S (satellit-TV), DVB-T2 (marksänd digital-TV, 2:a gen.), DVB-S2 (satellit-TV, 2:a gen.)",0 st,Nej,Ja,4 st,2.3,2.1,eARC,Nej,0 st,0 st,Ja,Ja,2 st,0 st,2 st,Nej,,"24p, 30p, 60p, 50p",16:9,125 cm,,Ja,Samsung Picture Quality Index (PQI) 3000,,"480p, 576p, 720p, 1080p (Full HD), 1080i, 480i, 576i, 2160p (4K Ultra HD)",60 Hz,"JPEG/JPG, PNG, BMP, GIF","MP3, WMA, Ogg Vorbis, FLAC, WAV (PCM), AAC, AIFF, Apple Lossless (ALAC)",,"MPEG4, WMV, 3GP/3GPP, AVI, Matroska (MKV), TS, FLV, HEVC/H.265, VP9","Svart, Vit",Platt,24.9 mm,644 mm,,1124.1 mm,24.9 mm,644.9 mm,12.2 kg,11.8 kg,"Bluetooth, Röststyrning, One Connect",,Tizen OS,Ja,Ja,,Nej,Ja,Ja,Nej,Ja,HDR10,,Ja,,,,Nej,87 W,0.5 W,233 kWh,129 kWh,G,G,LED (lysdiod),Kantbelyst (Edge),Quantum dot,VA,Samsung,50 tum,4K Ultra HD (3840x2160),LCD,Ja,Ja,2021,142.7 kr/tum,"Samsung The Frame QE50LS03A 50"" 4K Ultra HD (3840x2160) QLED Smart TV",TV,Ja,Nej,Ja,Ja,"DVB-T (marksänd digital-TV), DVB-C (digital kabel-TV), DVB-S (satellit-TV), DVB-T2 (marksänd digital-TV, 2:a gen.), DVB-S2 (satellit-TV, 2:a gen.)",0 st,Nej,Ja,4 st,2.3,2.1,eARC,Nej,0 st,0 st,Ja,Ja,2 st,0 st,2 st,Nej,,"24p, 30p, 60p, 50p",16:9,125 cm,,Ja,Samsung Picture Quality Index (PQI) 3000,,"480p, 576p, 720p, 1080p (Full HD), 1080i, 480i, 576i, 2160p (4K Ultra HD)",60 Hz,"JPEG/JPG, PNG, BMP, GIF","MP3, WMA, Ogg Vorbis, FLAC, WAV (PCM), AAC, AIFF, Apple Lossless (ALAC)",,"MPEG4, WMV, 3GP/3GPP, AVI, Matroska (MKV), TS, FLV, HEVC/H.265, VP9","Svart, Vit",Platt,24.9 mm,644 mm,,1124.1 mm,24.9 mm,644.9 mm,12.2 kg,11.8 kg,"Bluetooth, Röststyrning, One Connect",,Tizen OS,Ja,Ja,,Nej,Ja,Ja,Nej,Ja,HDR10,,Ja,,,,Nej,87 W,0.5 W,233 kWh,129 kWh,G,G,LED (lysdiod),Kantbelyst (Edge),Quantum dot,VA
14,SW,TV,"Sony Bravia XR-55X93J 55"" 4K Ultra HD (3840x2160) LCD Google TV",15596.0,SEK,8,Rank 15,3.8,(1 omdöme),"Det billigaste priset för Sony Bravia XR-55X93J 55"" 4K Ultra HD (3840x2160) LCD Google TV just nu är 7 990 kr. Det är en av de 100 mest populära produkterna i kategorin TV med ett genomsnittligt betyg på 3.8 av 5.  Prisjakt jämför priser och erbjudanden från 8 butiker. ",https://www.prisjakt.nu/produkt.php?p=5753173,14/08/2022 11:23:51,Sony,55 tum,4K Ultra HD (3840x2160),LCD,Ja,Ja,2021,145.27 kr/tum,"Sony Bravia XR-55X93J 55"" 4K Ultra HD (3840x2160) LCD Google TV",TV,Ja,Ja,Ja,Ja,"DVB-T (marksänd digital-TV), DVB-C (digital kabel-TV), DVB-S (satellit-TV), DVB-T2 (marksänd digital-TV, 2:a gen.), DVB-S2 (satellit-TV, 2:a gen.)",,Ja,Ja,4 st,2.3,2.1,"eARC, ARC",Ja,0 st,1 st,Ja,Ja,1 st,1 st,2 st,,,"24p, 30p, 60p, 50p, 120p",16:9,139 cm,,,,,"480p, 576p, 720p, 1080p (Full HD), 1080i, 2160p (4K Ultra HD)",,JPEG/JPG,"MP3, WMA, FLAC, WAV (PCM), AAC",Dolby Atmos,"Xvid, MPEG1, MPEG2, MPEG4, WMV, 3GP/3GPP, AVC/H.264, AVI, Matroska (MKV), AVCHD, MOV, TS, HEVC/H.265","Svart, Titan",,,833 mm,,1233 mm,324 mm,783 mm,18.7 kg,17.4 kg,"Bluetooth, Röststyrning, Stöd för HomeKit, ALLM, Variable Refresh Rate (VRR)",SVT Play,Android TV,Ja,Ja,"802.11a, 802.11b, 802.11g, 802.11n (Wi-Fi 4), 802.11ac (Wi-Fi 5)",,,Ja,Ja,Ja,"Dolby Vision, HDR10, HLG","Google Cast/Chromecast, AirPlay 2",Ja,300x300mm,,,Nej,219 W,0.5 W,139 kWh,101 kWh,,G,LED (lysdiod),,Local Dimming,,Sony,55 tum,4K Ultra HD (3840x2160),LCD,Ja,Ja,2021,145.27 kr/tum,"Sony Bravia XR-55X93J 55"" 4K Ultra HD (3840x2160) LCD Google TV",TV,Ja,Ja,Ja,Ja,"DVB-T (marksänd digital-TV), DVB-C (digital kabel-TV), DVB-S (satellit-TV), DVB-T2 (marksänd digital-TV, 2:a gen.), DVB-S2 (satellit-TV, 2:a gen.)",,Ja,Ja,4 st,2.3,2.1,"eARC, ARC",Ja,0 st,1 st,Ja,Ja,1 st,1 st,2 st,,,"24p, 30p, 60p, 50p, 120p",16:9,139 cm,,,,,"480p, 576p, 720p, 1080p (Full HD), 1080i, 2160p (4K Ultra HD)",,JPEG/JPG,"MP3, WMA, FLAC, WAV (PCM), AAC",Dolby Atmos,"Xvid, MPEG1, MPEG2, MPEG4, WMV, 3GP/3GPP, AVC/H.264, AVI, Matroska (MKV), AVCHD, MOV, TS, HEVC/H.265","Svart, Titan",,,833 mm,,1233 mm,324 mm,783 mm,18.7 kg,17.4 kg,"Bluetooth, Röststyrning, Stöd för HomeKit, ALLM, Variable Refresh Rate (VRR)",SVT Play,Android TV,Ja,Ja,"802.11a, 802.11b, 802.11g, 802.11n (Wi-Fi 4), 802.11ac (Wi-Fi 5)",,,Ja,Ja,Ja,"Dolby Vision, HDR10, HLG","Google Cast/Chromecast, AirPlay 2",Ja,300x300mm,,,Nej,219 W,0.5 W,139 kWh,101 kWh,,G,LED (lysdiod),,Local Dimming,
15,SW,TV,"Philips 65PML9506 65"" 4K Ultra HD (3840x2160) LCD Smart TV",21846.2,SEK,15,Rank 16,3.8,(1 omdöme),"Det billigaste priset för Philips 65PML9506 65"" 4K Ultra HD (3840x2160) LCD Smart TV just nu är 10 990 kr. Det är en av de 100 mest populära produkterna i kategorin TV med ett genomsnittligt betyg på 3.8 av 5.  Prisjakt jämför priser och erbjudanden från 15 butiker. ",https://www.prisjakt.nu/produkt.php?p=5773497,14/08/2022 11:23:55,Philips,65 tum,4K Ultra HD (3840x2160),LCD,Ja,Ja,,169.08 kr/tum,"Philips 65PML9506 65"" 4K Ultra HD (3840x2160) LCD Smart TV",TV,Ja,Nej,Ja,Ja,"DVB-T (marksänd digital-TV), DVB-C (digital kabel-TV), DVB-S (satellit-TV), DVB-T2 (marksänd digital-TV, 2:a gen.), DVB-S2 (satellit-TV, 2:a gen.)",,Ja,Ja,4 st,2.3,2.1,"eARC, ARC",Ja,,,Ja,Ja,,,3 st,Nej,,"60p, 120p",16:9,164 cm,1500 cd/m²,Ja,,,"576p, 720p, 1080p (Full HD), 2160p (4K Ultra HD)",120 Hz,"JPEG/JPG, PNG, BMP, GIF","MP3, WMA, WAV (PCM), AAC","DTS HD High Resolution Audio, Dolby Atmos","MPEG1, MPEG2, MPEG4, AVC/H.264, AVI, Matroska (MKV), HEVC/H.265, VP9","Svart, Silver",Platt,76.4 mm,830.5 mm,,1449 mm,279.6 mm,898.9 mm,28.6 kg,28 kg,"Bluetooth, Röststyrning, Omgivningsljus (Ambilight), Stöd för HbbTV, Adaptiv synk-teknik, Variable Refresh Rate (VRR)","YouTube, Spotify, Netflix, Viaplay, SVT Play, TV4 Play, SF Anytime, Amazon Prime Video",Android TV,Ja,Nej,,Nej,Ja,Ja,Ja,Ja,"Dolby Vision, HDR10, HLG, HDR10+",Google Cast/Chromecast,Ja,400x200mm,2-kanal (Stereo),,Nej,,0.3 W,143 kWh,105 kWh,G,G,LED (lysdiod),Bakbelyst (Back),"Quantum dot, Local Dimming, Mini-LED",VA,Philips,65 tum,4K Ultra HD (3840x2160),LCD,Ja,Ja,,169.08 kr/tum,"Philips 65PML9506 65"" 4K Ultra HD (3840x2160) LCD Smart TV",TV,Ja,Nej,Ja,Ja,"DVB-T (marksänd digital-TV), DVB-C (digital kabel-TV), DVB-S (satellit-TV), DVB-T2 (marksänd digital-TV, 2:a gen.), DVB-S2 (satellit-TV, 2:a gen.)",,Ja,Ja,4 st,2.3,2.1,"eARC, ARC",Ja,,,Ja,Ja,,,3 st,Nej,,"60p, 120p",16:9,164 cm,1500 cd/m²,Ja,,,"576p, 720p, 1080p (Full HD), 2160p (4K Ultra HD)",120 Hz,"JPEG/JPG, PNG, BMP, GIF","MP3, WMA, WAV (PCM), AAC","DTS HD High Resolution Audio, Dolby Atmos","MPEG1, MPEG2, MPEG4, AVC/H.264, AVI, Matroska (MKV), HEVC/H.265, VP9","Svart, Silver",Platt,76.4 mm,830.5 mm,,1449 mm,279.6 mm,898.9 mm,28.6 kg,28 kg,"Bluetooth, Röststyrning, Omgivningsljus (Ambilight), Stöd för HbbTV, Adaptiv synk-teknik, Variable Refresh Rate (VRR)","YouTube, Spotify, Netflix, Viaplay, SVT Play, TV4 Play, SF Anytime, Amazon Prime Video",Android TV,Ja,Nej,,Nej,Ja,Ja,Ja,Ja,"Dolby Vision, HDR10, HLG, HDR10+",Google Cast/Chromecast,Ja,400x200mm,2-kanal (Stereo),,Nej,,0.3 W,143 kWh,105 kWh,G,G,LED (lysdiod),Bakbelyst (Back),"Quantum dot, Local Dimming, Mini-LED",VA
16,SW,TV,"LG OLED77C1 77"" 4K Ultra HD (3840x2160) OLED Smart TV",28790.75,SEK,8,Rank 17,4.4,(3 omdömen),"Det billigaste priset för LG OLED77C1 77"" 4K Ultra HD (3840x2160) OLED Smart TV just nu är 26 990 kr. Det är en av de 100 mest populära produkterna i kategorin TV med ett genomsnittligt betyg på 4.4 av 5.  Prisjakt jämför priser och erbjudanden från 8 butiker. ",https://www.prisjakt.nu/produkt.php?p=5688342,14/08/2022 11:24:00,LG,77 tum,4K Ultra HD (3840x2160),OLED,Ja,Ja,2021,350.52 kr/tum,"LG OLED77C1 77"" 4K Ultra HD (3840x2160) OLED Smart TV",TV,Ja,Nej,Ja,Ja,"DVB-T (marksänd digital-TV), DVB-C (digital kabel-TV), DVB-S (satellit-TV), DVB-T2 (marksänd digital-TV, 2:a gen.), DVB-S2 (satellit-TV, 2:a gen.)",0 st,Ja,Ja,4 st,2.2,2.1,eARC,Ja,0 st,0 st,Ja,Nej,3 st,0 st,3 st,Nej,Digital koaxial ut (S/PDIF),"24p, 30p, 60p, 50p, 120p",16:9,195 cm,,Ja,LG OLED Motion Pro,OLED,"480p, 576p, 720p, 1080p (Full HD), 1080i, 480i, 576i, 2160p (4K Ultra HD)",120 Hz,"JPEG/JPG, PNG, BMP","MP3, WMA, WAV (PCM), AAC, AAC+, eAAC+","Dolby Digital 5.1, Dolby Digital Plus, Dolby Atmos","Xvid, MPEG1, MPEG2, MPEG4, WMV, 3GP/3GPP, AVC/H.264, WMV9 HD (VC-1), AVI, Matroska (MKV), MOV, TS, FLV","Svart, Vit, Silver",Platt,55.3 mm,993 mm,,1723 mm,260 mm,1023 mm,35.9 kg,26.7 kg,"Bild-i-Bild (PiP), Bluetooth, Röststyrning, Time-shift, Stöd för NFC, Mobilapp för styrning av funktioner, Stöd för HbbTV, Adaptiv synk-teknik, Stöd för HomeKit, ALLM, Variable Refresh Rate (VRR)","YouTube, Spotify, Webbläsare, Netflix, Viaplay, HBO GO, SVT Play, TV4 Play, SF Anytime, HBO Nordic, Amazon Prime Video, Apple TV+",WebOS,Ja,Ja,"802.11a, 802.11b, 802.11g, 802.11n (Wi-Fi 4), 802.11ac (Wi-Fi 5)",Nej,Ja,Ja,Ja,Ja,"Dolby Vision, HDR10, HLG","AirPlay, WiDi (Wireless Display), Miracast, AirPlay 2",Ja,"400x400mm, 400x200mm",Flerkanal,,Nej,162 - 273 W,0.5 W,273 kWh,162 kWh,G,G,,,,,LG,77 tum,4K Ultra HD (3840x2160),OLED,Ja,Ja,2021,350.52 kr/tum,"LG OLED77C1 77"" 4K Ultra HD (3840x2160) OLED Smart TV",TV,Ja,Nej,Ja,Ja,"DVB-T (marksänd digital-TV), DVB-C (digital kabel-TV), DVB-S (satellit-TV), DVB-T2 (marksänd digital-TV, 2:a gen.), DVB-S2 (satellit-TV, 2:a gen.)",0 st,Ja,Ja,4 st,2.2,2.1,eARC,Ja,0 st,0 st,Ja,Nej,3 st,0 st,3 st,Nej,Digital koaxial ut (S/PDIF),"24p, 30p, 60p, 50p, 120p",16:9,195 cm,,Ja,LG OLED Motion Pro,OLED,"480p, 576p, 720p, 1080p (Full HD), 1080i, 480i, 576i, 2160p (4K Ultra HD)",120 Hz,"JPEG/JPG, PNG, BMP","MP3, WMA, WAV (PCM), AAC, AAC+, eAAC+","Dolby Digital 5.1, Dolby Digital Plus, Dolby Atmos","Xvid, MPEG1, MPEG2, MPEG4, WMV, 3GP/3GPP, AVC/H.264, WMV9 HD (VC-1), AVI, Matroska (MKV), MOV, TS, FLV","Svart, Vit, Silver",Platt,55.3 mm,993 mm,,1723 mm,260 mm,1023 mm,35.9 kg,26.7 kg,"Bild-i-Bild (PiP), Bluetooth, Röststyrning, Time-shift, Stöd för NFC, Mobilapp för styrning av funktioner, Stöd för HbbTV, Adaptiv synk-teknik, Stöd för HomeKit, ALLM, Variable Refresh Rate (VRR)","YouTube, Spotify, Webbläsare, Netflix, Viaplay, HBO GO, SVT Play, TV4 Play, SF Anytime, HBO Nordic, Amazon Prime Video, Apple TV+",WebOS,Ja,Ja,"802.11a, 802.11b, 802.11g, 802.11n (Wi-Fi 4), 802.11ac (Wi-Fi 5)",Nej,Ja,Ja,Ja,Ja,"Dolby Vision, HDR10, HLG","AirPlay, WiDi (Wireless Display), Miracast, AirPlay 2",Ja,"400x400mm, 400x200mm",Flerkanal,,Nej,162 - 273 W,0.5 W,273 kWh,162 kWh,G,G,,,,
17,SW,TV,"Samsung The Frame QE55LS03A 55"" 4K Ultra HD (3840x2160) QLED Smart TV",11129.666666666666,SEK,9,Rank 18,,,"Det billigaste priset för Samsung The Frame QE55LS03A 55"" 4K Ultra HD (3840x2160) QLED Smart TV just nu är 8 388 kr. Det är en av de 100 mest populära produkterna i kategorin TV.  Prisjakt jämför priser och erbjudanden från 9 butiker. ",https://www.prisjakt.nu/produkt.php?p=5734742,14/08/2022 11:24:03,Samsung,55 tum,4K Ultra HD (3840x2160),LCD,Ja,Ja,2021,152.51 kr/tum,"Samsung The Frame QE55LS03A 55"" 4K Ultra HD (3840x2160) QLED Smart TV",TV,Ja,Nej,Ja,Ja,"DVB-C (digital kabel-TV), DVB-T2 (marksänd digital-TV, 2:a gen.), DVB-S2 (satellit-TV, 2:a gen.)",,Ja,Ja,4 st,,,,Nej,,,Ja,,,,2 st,,,,,138 cm,,,,,2160p (4K Ultra HD),100 Hz,,,,,Svart,,24.9 mm,846 mm,,1237.9 mm,227.8 mm,743.4 mm,17 kg,16.6 kg,"Bluetooth, Röststyrning, Time-shift, Adaptiv synk-teknik, One Connect",Webbläsare,Tizen OS,Ja,Ja,"802.11a, 802.11ac (Wi-Fi 5)",,Ja,Ja,,Ja,HDR10,,Ja,,,,Nej,170 W,0.5 W,233 kWh,129 kWh,,G,LED (lysdiod),,Quantum dot,,Samsung,55 tum,4K Ultra HD (3840x2160),LCD,Ja,Ja,2021,152.51 kr/tum,"Samsung The Frame QE55LS03A 55"" 4K Ultra HD (3840x2160) QLED Smart TV",TV,Ja,Nej,Ja,Ja,"DVB-C (digital kabel-TV), DVB-T2 (marksänd digital-TV, 2:a gen.), DVB-S2 (satellit-TV, 2:a gen.)",,Ja,Ja,4 st,,,,Nej,,,Ja,,,,2 st,,,,,138 cm,,,,,2160p (4K Ultra HD),100 Hz,,,,,Svart,,24.9 mm,846 mm,,1237.9 mm,227.8 mm,743.4 mm,17 kg,16.6 kg,"Bluetooth, Röststyrning, Time-shift, Adaptiv synk-teknik, One Connect",Webbläsare,Tizen OS,Ja,Ja,"802.11a, 802.11ac (Wi-Fi 5)",,Ja,Ja,,Ja,HDR10,,Ja,,,,Nej,170 W,0.5 W,233 kWh,129 kWh,,G,LED (lysdiod),,Quantum dot,
18,SW,TV,"Philips 65OLED706 65"" 4K Ultra HD (3840x2160) OLED Smart TV",20042.76923076923,SEK,13,Rank 19,3.8,(6 omdömen),"Det billigaste priset för Philips 65OLED706 65"" 4K Ultra HD (3840x2160) OLED Smart TV just nu är 10 990 kr. Det är en av de 100 mest populära produkterna i kategorin TV med ett genomsnittligt betyg på 3.8 av 5.  Prisjakt jämför priser och erbjudanden från 13 butiker. ",https://www.prisjakt.nu/produkt.php?p=5729562,14/08/2022 11:24:07,Philips,65 tum,4K Ultra HD (3840x2160),OLED,Ja,Ja,,,,,,,,,,,,,,,,,,,,,,,,,,,,,,,,,,,,,,,,,,,,,,,,,,,,,,,,,,,,,,,,,,,,,,,,,,,,,,Philips,65 tum,4K Ultra HD (3840x2160),OLED,Ja,Ja,,,,,,,,,,,,,,,,,,,,,,,,,,,,,,,,,,,,,,,,,,,,,,,,,,,,,,,,,,,,,,,,,,,,,,,,,,,,,
19,SW,TV,"Samsung The Frame QE43LS03A 43"" 4K Ultra HD (3840x2160) QLED Smart TV",7774.695652173913,SEK,23,Rank 20,1.8,(2 omdömen),"Det billigaste priset för Samsung The Frame QE43LS03A 43"" 4K Ultra HD (3840x2160) QLED Smart TV just nu är 5 990 kr. Det är en av de 100 mest populära produkterna i kategorin TV med ett genomsnittligt betyg på 1.8 av 5.  Prisjakt jämför priser och erbjudanden från 23 butiker. ",https://www.prisjakt.nu/produkt.php?p=5733648,14/08/2022 11:24:13,Samsung,43 tum,4K Ultra HD (3840x2160),LCD,Ja,Ja,2021,139.3 kr/tum,"Samsung The Frame QE43LS03A 43"" 4K Ultra HD (3840x2160) QLED Smart TV",TV,Ja,Nej,Ja,Ja,"DVB-T (marksänd digital-TV), DVB-C (digital kabel-TV), DVB-S (satellit-TV), DVB-T2 (marksänd digital-TV, 2:a gen.), DVB-S2 (satellit-TV, 2:a gen.)",,,Ja,4 st,,,,Nej,,,Ja,,,,2 st,,,,16:9,108 cm,,,,,2160p (4K Ultra HD),50 Hz,,,,,"Svart, Vit",Platt,24.9 mm,557 mm,,969.5 mm,24.9 mm,557.8 mm,8.9 kg,8.6 kg,"Bluetooth, Röststyrning, One Connect",,Tizen OS,Ja,Ja,,Nej,Ja,Ja,,Ja,HDR10,,Ja,200x200mm,,,Nej,73 W,0.5 W,233 kWh,129 kWh,G,G,LED (lysdiod),,Quantum dot,,Samsung,43 tum,4K Ultra HD (3840x2160),LCD,Ja,Ja,2021,139.3 kr/tum,"Samsung The Frame QE43LS03A 43"" 4K Ultra HD (3840x2160) QLED Smart TV",TV,Ja,Nej,Ja,Ja,"DVB-T (marksänd digital-TV), DVB-C (digital kabel-TV), DVB-S (satellit-TV), DVB-T2 (marksänd digital-TV, 2:a gen.), DVB-S2 (satellit-TV, 2:a gen.)",,,Ja,4 st,,,,Nej,,,Ja,,,,2 st,,,,16:9,108 cm,,,,,2160p (4K Ultra HD),50 Hz,,,,,"Svart, Vit",Platt,24.9 mm,557 mm,,969.5 mm,24.9 mm,557.8 mm,8.9 kg,8.6 kg,"Bluetooth, Röststyrning, One Connect",,Tizen OS,Ja,Ja,,Nej,Ja,Ja,,Ja,HDR10,,Ja,200x200mm,,,Nej,73 W,0.5 W,233 kWh,129 kWh,G,G,LED (lysdiod),,Quantum dot,
20,SW,TV,"LG 75UP7500 75"" 4K Ultra HD (3840x2160) LCD Smart TV",11844.42857142857,SEK,7,Rank 21,,,"Det billigaste priset för LG 75UP7500 75"" 4K Ultra HD (3840x2160) LCD Smart TV just nu är 8 990 kr. Det är en av de 100 mest populära produkterna i kategorin TV.  Prisjakt jämför priser och erbjudanden från 7 butiker. ",https://www.prisjakt.nu/produkt.php?p=5754086,14/08/2022 11:24:16,LG,75 tum,4K Ultra HD (3840x2160),LCD,Ja,Ja,2021,119.87 kr/tum,"LG 75UP7500 75"" 4K Ultra HD (3840x2160) LCD Smart TV",TV,Ja,,Ja,Ja,"DVB-T (marksänd digital-TV), DVB-C (digital kabel-TV), DVB-S (satellit-TV), DVB-T2 (marksänd digital-TV, 2:a gen.), DVB-S2 (satellit-TV, 2:a gen.)",,Ja,Ja,2 st,,2.0,,,,,Ja,,1 st,,1 st,,,,16:9,189 cm,,Nej,,LED,2160p (4K Ultra HD),60 Hz,,,,,Svart,Platt,88.8 mm,964 mm,,1693 mm,345 mm,1048 mm,35.4 kg,34.6 kg,"Bluetooth, Röststyrning, Stöd för HomeKit, ALLM",Webbläsare,WebOS,Ja,Ja,"802.11a, 802.11ac (Wi-Fi 5)",Nej,Ja,Ja,,Ja,"HDR10, HLG",,Ja,600x400mm,2-kanal (Stereo),,Nej,171 W,0.5 W,191 kWh,171 kWh,G,G,LED (lysdiod),,,,LG,75 tum,4K Ultra HD (3840x2160),LCD,Ja,Ja,2021,119.87 kr/tum,"LG 75UP7500 75"" 4K Ultra HD (3840x2160) LCD Smart TV",TV,Ja,,Ja,Ja,"DVB-T (marksänd digital-TV), DVB-C (digital kabel-TV), DVB-S (satellit-TV), DVB-T2 (marksänd digital-TV, 2:a gen.), DVB-S2 (satellit-TV, 2:a gen.)",,Ja,Ja,2 st,,2.0,,,,,Ja,,1 st,,1 st,,,,16:9,189 cm,,Nej,,LED,2160p (4K Ultra HD),60 Hz,,,,,Svart,Platt,88.8 mm,964 mm,,1693 mm,345 mm,1048 mm,35.4 kg,34.6 kg,"Bluetooth, Röststyrning, Stöd för HomeKit, ALLM",Webbläsare,WebOS,Ja,Ja,"802.11a, 802.11ac (Wi-Fi 5)",Nej,Ja,Ja,,Ja,"HDR10, HLG",,Ja,600x400mm,2-kanal (Stereo),,Nej,171 W,0.5 W,191 kWh,171 kWh,G,G,LED (lysdiod),,,
21,SW,TV,"Sony Bravia XR-65A80J 65"" 4K Ultra HD (3840x2160) OLED Google TV",26872.833333333332,SEK,12,Rank 24,4.4,(5 omdömen),"Det billigaste priset för Sony Bravia XR-65A80J 65"" 4K Ultra HD (3840x2160) OLED Google TV just nu är 17 990 kr. Det är en av de 100 mest populära produkterna i kategorin TV med ett genomsnittligt betyg på 4.4 av 5.  Prisjakt jämför priser och erbjudanden från 11 butiker. ",https://www.prisjakt.nu/produkt.php?p=5753146,14/08/2022 11:24:19,Sony,65 tum,4K Ultra HD (3840x2160),OLED,Ja,Ja,2021,276.77 kr/tum,"Sony Bravia XR-65A80J 65"" 4K Ultra HD (3840x2160) OLED Google TV",TV,Ja,Ja,Ja,Ja,"DVB-T (marksänd digital-TV), DVB-C (digital kabel-TV), DVB-S (satellit-TV), DVB-T2 (marksänd digital-TV, 2:a gen.), DVB-S2 (satellit-TV, 2:a gen.)",,Ja,Ja,4 st,,2.1,,,,,Ja,Ja,,,3 st,,,"24p, 30p, 60p, 50p, 120p",16:9,164 cm,,,,OLED,"480p, 2160p (4K Ultra HD)",,JPEG/JPG,"MP3, WMA, Ogg Vorbis, FLAC, WAV (PCM), AAC",Dolby Atmos,"Xvid, MPEG1, MPEG2, MPEG4, WMV, 3GP/3GPP, AVC/H.264, AVI, Matroska (MKV), AVCHD, MOV, TS, HEVC/H.265","Svart, Silver, Titan",,53 mm,836 mm,,1448 mm,330 mm,859 mm,23.5 kg,17.8 kg,"Bluetooth, Röststyrning, Adaptiv synk-teknik, Stöd för HomeKit, ALLM, Variable Refresh Rate (VRR)","Webbläsare, SVT Play",Google TV,Ja,Ja,"802.11a, 802.11b, 802.11g, 802.11n (Wi-Fi 4), 802.11ac (Wi-Fi 5)",,Ja,Ja,Ja,Ja,"Dolby Vision, HDR10, HLG",Miracast,Ja,300x300mm,,,Nej,137 W,0.5 W,146 kWh,,G,G,,,,,Sony,65 tum,4K Ultra HD (3840x2160),OLED,Ja,Ja,2021,276.77 kr/tum,"Sony Bravia XR-65A80J 65"" 4K Ultra HD (3840x2160) OLED Google TV",TV,Ja,Ja,Ja,Ja,"DVB-T (marksänd digital-TV), DVB-C (digital kabel-TV), DVB-S (satellit-TV), DVB-T2 (marksänd digital-TV, 2:a gen.), DVB-S2 (satellit-TV, 2:a gen.)",,Ja,Ja,4 st,,2.1,,,,,Ja,Ja,,,3 st,,,"24p, 30p, 60p, 50p, 120p",16:9,164 cm,,,,OLED,"480p, 2160p (4K Ultra HD)",,JPEG/JPG,"MP3, WMA, Ogg Vorbis, FLAC, WAV (PCM), AAC",Dolby Atmos,"Xvid, MPEG1, MPEG2, MPEG4, WMV, 3GP/3GPP, AVC/H.264, AVI, Matroska (MKV), AVCHD, MOV, TS, HEVC/H.265","Svart, Silver, Titan",,53 mm,836 mm,,1448 mm,330 mm,859 mm,23.5 kg,17.8 kg,"Bluetooth, Röststyrning, Adaptiv synk-teknik, Stöd för HomeKit, ALLM, Variable Refresh Rate (VRR)","Webbläsare, SVT Play",Google TV,Ja,Ja,"802.11a, 802.11b, 802.11g, 802.11n (Wi-Fi 4), 802.11ac (Wi-Fi 5)",,Ja,Ja,Ja,Ja,"Dolby Vision, HDR10, HLG",Miracast,Ja,300x300mm,,,Nej,137 W,0.5 W,146 kWh,,G,G,,,,
22,SW,TV,"Samsung QLED QE43Q60A 43"" 4K Ultra HD (3840x2160) Smart TV",5566.888888888889,SEK,9,Rank 23,,,"Det billigaste priset för Samsung QLED QE43Q60A 43"" 4K Ultra HD (3840x2160) Smart TV just nu är 4 973 kr. Det är en av de 100 mest populära produkterna i kategorin TV.  Prisjakt jämför priser och erbjudanden från 9 butiker. ",https://www.prisjakt.nu/produkt.php?p=5731020,14/08/2022 11:24:22,Samsung,43 tum,4K Ultra HD (3840x2160),LCD,Ja,Ja,2021,115.65 kr/tum,"Samsung QLED QE43Q60A 43"" 4K Ultra HD (3840x2160) Smart TV",TV,Ja,,Ja,Ja,"DVB-T (marksänd digital-TV), DVB-C (digital kabel-TV), DVB-S (satellit-TV), DVB-T2 (marksänd digital-TV, 2:a gen.), DVB-S2 (satellit-TV, 2:a gen.)",,Ja,Ja,4 st,,2.0b,,,,,Ja,Ja,,,2 st,,,"24p, 30p, 60p, 50p",16:9,108 cm,,Nej,,QLED,"480p, 576p, 720p, 1080p (Full HD), 1080i, 480i, 576i, 2160p (4K Ultra HD)",50 Hz,,,Dolby Digital Plus,,"Svart, Grå",Platt,25.7 mm,559.8 mm,,965.5 mm,205.6 mm,599.8 mm,8.9 kg,8.4 kg,"Bluetooth, Röststyrning, Time-shift, Stöd för HbbTV, ALLM","YouTube, Spotify, Webbläsare, Netflix, Viaplay, SVT Play, TV4 Play, HBO Nordic, Amazon Prime Video, Apple TV+",Tizen OS,Ja,Ja,"802.11a, 802.11ac (Wi-Fi 5)",,Ja,Ja,,Ja,"HDR10, HLG",,Ja,200x200mm,,,Nej,66 W,0.5 W,96 kWh,66 kWh,G,G,LED (lysdiod),Bakbelyst (Back),Quantum dot,,Samsung,43 tum,4K Ultra HD (3840x2160),LCD,Ja,Ja,2021,115.65 kr/tum,"Samsung QLED QE43Q60A 43"" 4K Ultra HD (3840x2160) Smart TV",TV,Ja,,Ja,Ja,"DVB-T (marksänd digital-TV), DVB-C (digital kabel-TV), DVB-S (satellit-TV), DVB-T2 (marksänd digital-TV, 2:a gen.), DVB-S2 (satellit-TV, 2:a gen.)",,Ja,Ja,4 st,,2.0b,,,,,Ja,Ja,,,2 st,,,"24p, 30p, 60p, 50p",16:9,108 cm,,Nej,,QLED,"480p, 576p, 720p, 1080p (Full HD), 1080i, 480i, 576i, 2160p (4K Ultra HD)",50 Hz,,,Dolby Digital Plus,,"Svart, Grå",Platt,25.7 mm,559.8 mm,,965.5 mm,205.6 mm,599.8 mm,8.9 kg,8.4 kg,"Bluetooth, Röststyrning, Time-shift, Stöd för HbbTV, ALLM","YouTube, Spotify, Webbläsare, Netflix, Viaplay, SVT Play, TV4 Play, HBO Nordic, Amazon Prime Video, Apple TV+",Tizen OS,Ja,Ja,"802.11a, 802.11ac (Wi-Fi 5)",,Ja,Ja,,Ja,"HDR10, HLG",,Ja,200x200mm,,,Nej,66 W,0.5 W,96 kWh,66 kWh,G,G,LED (lysdiod),Bakbelyst (Back),Quantum dot,
23,SW,TV,"Samsung QLED QE65Q70A 65"" 4K Ultra HD (3840x2160) Smart TV",11783.263157894737,SEK,19,Rank 24,3.8,(1 omdöme),"Det billigaste priset för Samsung QLED QE65Q70A 65"" 4K Ultra HD (3840x2160) Smart TV just nu är 8 990 kr. Det är en av de 100 mest populära produkterna i kategorin TV med ett genomsnittligt betyg på 3.8 av 5.  Prisjakt jämför priser och erbjudanden från 19 butiker. ",https://www.prisjakt.nu/produkt.php?p=5734743,14/08/2022 11:24:26,Samsung,65 tum,4K Ultra HD (3840x2160),LCD,Ja,Ja,2020,138.31 kr/tum,"Samsung QLED QE65Q70A 65"" 4K Ultra HD (3840x2160) Smart TV",TV,Ja,Ja,Ja,Ja,"DVB-C (digital kabel-TV), DVB-T2 (marksänd digital-TV, 2:a gen.), DVB-S2 (satellit-TV, 2:a gen.)",,Ja,Ja,4 st,,2.1,eARC,Nej,,,Ja,Ja,,,2 st,,,"24p, 30p, 60p, 50p, 120p",16:9,163 cm,,Ja,Samsung Picture Quality Index (PQI) 3400,QLED,"480p, 576p, 720p, 1080p (Full HD), 1080i, 480i, 576i, 2160p (4K Ultra HD)",120 Hz,,,Dolby Digital Plus,,"Svart, Grå, Titan",,25.7 mm,832.2 mm,,1451.7 mm,290.2 mm,897.5 mm,21.8 kg,20.9 kg,"Bluetooth, Röststyrning, Stöd för HbbTV, Adaptiv synk-teknik, ALLM, Variable Refresh Rate (VRR)","Facebook, YouTube, Spotify, Netflix, Viaplay, HBO Nordic, Amazon Prime Video, Apple TV+",Tizen OS,Ja,Ja,"802.11a, 802.11ac (Wi-Fi 5)",,Ja,Ja,Ja,Ja,"HDR10, HLG, HDR10+",,Ja,400x300mm,,,Nej,245 W,0.5 W,202 kWh,101 kWh,F,G,LED (lysdiod),Bakbelyst (Back),Quantum dot,VA,Samsung,65 tum,4K Ultra HD (3840x2160),LCD,Ja,Ja,2020,138.31 kr/tum,"Samsung QLED QE65Q70A 65"" 4K Ultra HD (3840x2160) Smart TV",TV,Ja,Ja,Ja,Ja,"DVB-C (digital kabel-TV), DVB-T2 (marksänd digital-TV, 2:a gen.), DVB-S2 (satellit-TV, 2:a gen.)",,Ja,Ja,4 st,,2.1,eARC,Nej,,,Ja,Ja,,,2 st,,,"24p, 30p, 60p, 50p, 120p",16:9,163 cm,,Ja,Samsung Picture Quality Index (PQI) 3400,QLED,"480p, 576p, 720p, 1080p (Full HD), 1080i, 480i, 576i, 2160p (4K Ultra HD)",120 Hz,,,Dolby Digital Plus,,"Svart, Grå, Titan",,25.7 mm,832.2 mm,,1451.7 mm,290.2 mm,897.5 mm,21.8 kg,20.9 kg,"Bluetooth, Röststyrning, Stöd för HbbTV, Adaptiv synk-teknik, ALLM, Variable Refresh Rate (VRR)","Facebook, YouTube, Spotify, Netflix, Viaplay, HBO Nordic, Amazon Prime Video, Apple TV+",Tizen OS,Ja,Ja,"802.11a, 802.11ac (Wi-Fi 5)",,Ja,Ja,Ja,Ja,"HDR10, HLG, HDR10+",,Ja,400x300mm,,,Nej,245 W,0.5 W,202 kWh,101 kWh,F,G,LED (lysdiod),Bakbelyst (Back),Quantum dot,VA
24,SW,TV,"Samsung The Frame QE65LS03A 65"" 4K Ultra HD (3840x2160) QLED Smart TV",12925.857142857143,SEK,7,Rank 25,2.9,(4 omdömen),"Det billigaste priset för Samsung The Frame QE65LS03A 65"" 4K Ultra HD (3840x2160) QLED Smart TV just nu är 11 490 kr. Det är en av de 100 mest populära produkterna i kategorin TV med ett genomsnittligt betyg på 2.9 av 5.  Prisjakt jämför priser och erbjudanden från 7 butiker. ",https://www.prisjakt.nu/produkt.php?p=5734739,14/08/2022 11:24:30,Samsung,65 tum,4K Ultra HD (3840x2160),LCD,Ja,Ja,2021,176.77 kr/tum,"Samsung The Frame QE65LS03A 65"" 4K Ultra HD (3840x2160) QLED Smart TV",TV,Ja,Nej,Ja,Ja,"DVB-C (digital kabel-TV), DVB-T2 (marksänd digital-TV, 2:a gen.), DVB-S2 (satellit-TV, 2:a gen.)",,Ja,Ja,4 st,,,eARC,Nej,0 st,0 st,Ja,Ja,,,2 st,Nej,,,16:9,163 cm,,Ja,Samsung Picture Quality Index (PQI) 3400,,2160p (4K Ultra HD),100 Hz,,,,,Svart,Platt,25 mm,832 mm,,1457 mm,261 mm,869 mm,23 kg,22.1 kg,"Bluetooth, Röststyrning, Time-shift, One Connect",,Tizen OS,Ja,Ja,802.11ac (Wi-Fi 5),Nej,Ja,Ja,,Ja,HDR10+,,Ja,,2-kanal (Stereo),,Nej,215 W,0.4 W,233 kWh,129 kWh,G,G,LED (lysdiod),,"Quantum dot, Local Dimming",,Samsung,65 tum,4K Ultra HD (3840x2160),LCD,Ja,Ja,2021,176.77 kr/tum,"Samsung The Frame QE65LS03A 65"" 4K Ultra HD (3840x2160) QLED Smart TV",TV,Ja,Nej,Ja,Ja,"DVB-C (digital kabel-TV), DVB-T2 (marksänd digital-TV, 2:a gen.), DVB-S2 (satellit-TV, 2:a gen.)",,Ja,Ja,4 st,,,eARC,Nej,0 st,0 st,Ja,Ja,,,2 st,Nej,,,16:9,163 cm,,Ja,Samsung Picture Quality Index (PQI) 3400,,2160p (4K Ultra HD),100 Hz,,,,,Svart,Platt,25 mm,832 mm,,1457 mm,261 mm,869 mm,23 kg,22.1 kg,"Bluetooth, Röststyrning, Time-shift, One Connect",,Tizen OS,Ja,Ja,802.11ac (Wi-Fi 5),Nej,Ja,Ja,,Ja,HDR10+,,Ja,,2-kanal (Stereo),,Nej,215 W,0.4 W,233 kWh,129 kWh,G,G,LED (lysdiod),,"Quantum dot, Local Dimming",
25,SW,TV,"LG OLED65G1 65"" 4K Ultra HD (3840x2160) OLED Smart TV",27807.666666666668,SEK,3,Rank 26,3.8,(1 omdöme),"Det billigaste priset för LG OLED65G1 65"" 4K Ultra HD (3840x2160) OLED Smart TV just nu är 19 990 kr. Det är en av de 100 mest populära produkterna i kategorin TV med ett genomsnittligt betyg på 3.8 av 5.  Prisjakt jämför priser och erbjudanden från 3 butiker. ",https://www.prisjakt.nu/produkt.php?p=5688338,14/08/2022 11:24:33,LG,65 tum,4K Ultra HD (3840x2160),OLED,Ja,Ja,2021,307.54 kr/tum,"LG OLED65G1 65"" 4K Ultra HD (3840x2160) OLED Smart TV",TV,Ja,Nej,Ja,Ja,"DVB-T (marksänd digital-TV), DVB-C (digital kabel-TV), DVB-S (satellit-TV), DVB-T2 (marksänd digital-TV, 2:a gen.), DVB-S2 (satellit-TV, 2:a gen.)",0 st,Ja,Ja,4 st,2.3,2.1,eARC,Ja,0 st,0 st,Ja,Nej,3 st,0 st,3 st,Nej,,"24p, 30p, 60p, 120p",16:9,165 cm,,Ja,LG OLED Motion Pro,OLED evo,"480p, 576p, 720p, 1080p (Full HD), 1080i, 480i, 576i, 2160p (4K Ultra HD)",120 Hz,"JPEG/JPG, PNG, BMP","MP3, WMA, WAV (PCM), AAC, AAC+, eAAC+",Dolby Atmos,"DivX, Xvid, MPEG1, MPEG2, MPEG4, WMV, 3GP/3GPP, AVC/H.264, WMV9 HD (VC-1), AVI, Matroska (MKV), MOV, TS, FLV, HEVC/H.265, VP9","Svart, Silver",Platt,19.9 mm,830 mm,,1446 mm,284 mm,888 mm,29.58 kg,29 kg,"Bild-i-Bild (PiP), Bluetooth, Röststyrning, Time-shift, Stöd för NFC, Mobilapp för styrning av funktioner, Stöd för HbbTV, Adaptiv synk-teknik, Stöd för HomeKit, ALLM, Variable Refresh Rate (VRR)","YouTube, Spotify, Webbläsare, Netflix, Viaplay, HBO GO, SVT Play, TV4 Play, SF Anytime, HBO Nordic, Amazon Prime Video, Apple TV+",WebOS,Ja,Ja,"802.11a, 802.11b, 802.11g, 802.11n (Wi-Fi 4), 802.11ac (Wi-Fi 5)",Nej,Ja,Ja,Ja,Ja,"Dolby Vision, HDR10, HLG","AirPlay, WiDi (Wireless Display), Miracast, AirPlay 2",Ja,300x300mm,Flerkanal,,Nej,128 - 226 W,0.5 W,226 kWh,128 kWh,G,G,,,,,LG,65 tum,4K Ultra HD (3840x2160),OLED,Ja,Ja,2021,307.54 kr/tum,"LG OLED65G1 65"" 4K Ultra HD (3840x2160) OLED Smart TV",TV,Ja,Nej,Ja,Ja,"DVB-T (marksänd digital-TV), DVB-C (digital kabel-TV), DVB-S (satellit-TV), DVB-T2 (marksänd digital-TV, 2:a gen.), DVB-S2 (satellit-TV, 2:a gen.)",0 st,Ja,Ja,4 st,2.3,2.1,eARC,Ja,0 st,0 st,Ja,Nej,3 st,0 st,3 st,Nej,,"24p, 30p, 60p, 120p",16:9,165 cm,,Ja,LG OLED Motion Pro,OLED evo,"480p, 576p, 720p, 1080p (Full HD), 1080i, 480i, 576i, 2160p (4K Ultra HD)",120 Hz,"JPEG/JPG, PNG, BMP","MP3, WMA, WAV (PCM), AAC, AAC+, eAAC+",Dolby Atmos,"DivX, Xvid, MPEG1, MPEG2, MPEG4, WMV, 3GP/3GPP, AVC/H.264, WMV9 HD (VC-1), AVI, Matroska (MKV), MOV, TS, FLV, HEVC/H.265, VP9","Svart, Silver",Platt,19.9 mm,830 mm,,1446 mm,284 mm,888 mm,29.58 kg,29 kg,"Bild-i-Bild (PiP), Bluetooth, Röststyrning, Time-shift, Stöd för NFC, Mobilapp för styrning av funktioner, Stöd för HbbTV, Adaptiv synk-teknik, Stöd för HomeKit, ALLM, Variable Refresh Rate (VRR)","YouTube, Spotify, Webbläsare, Netflix, Viaplay, HBO GO, SVT Play, TV4 Play, SF Anytime, HBO Nordic, Amazon Prime Video, Apple TV+",WebOS,Ja,Ja,"802.11a, 802.11b, 802.11g, 802.11n (Wi-Fi 4), 802.11ac (Wi-Fi 5)",Nej,Ja,Ja,Ja,Ja,"Dolby Vision, HDR10, HLG","AirPlay, WiDi (Wireless Display), Miracast, AirPlay 2",Ja,300x300mm,Flerkanal,,Nej,128 - 226 W,0.5 W,226 kWh,128 kWh,G,G,,,,
26,SW,TV,"LG OLED42C2 42"" 4K Ultra HD (3840x2160) OLED Smart TV",16045.42857142857,SEK,14,Rank 27,3.8,(1 omdöme),"Det billigaste priset för LG OLED42C2 42"" 4K Ultra HD (3840x2160) OLED Smart TV just nu är 15 490 kr. Det är en av de 100 mest populära produkterna i kategorin TV med ett genomsnittligt betyg på 3.8 av 5.  Prisjakt jämför priser och erbjudanden från 14 butiker. ",https://www.prisjakt.nu/produkt.php?p=6003056,14/08/2022 11:24:38,LG,42 tum,4K Ultra HD (3840x2160),OLED,Ja,Ja,2022,368.81 kr/tum,"LG OLED42C2 42"" 4K Ultra HD (3840x2160) OLED Smart TV",TV,Ja,Nej,Ja,Ja,"DVB-T (marksänd digital-TV), DVB-C (digital kabel-TV), DVB-S (satellit-TV), DVB-T2 (marksänd digital-TV, 2:a gen.), DVB-S2 (satellit-TV, 2:a gen.)",,Ja,Ja,4 st,2.2,2.1,eARC,Ja,0 st,0 st,Ja,Nej,3 st,,3 st,Nej,,"24p, 60p, 50p, 120p",16:9,,,Ja,LG OLED Motion Pro,OLED,"480p, 576p, 720p, 1080p (Full HD), 1080i, 480i, 576i, 2160p (4K Ultra HD)",120 Hz,,,"Dolby Digital 5.1, Dolby Digital Plus, Dolby Atmos",,"Svart, Silver, Grå",Platt,411 mm,535 mm,,932 mm,170 mm,577 mm,9.3 kg,,"Bluetooth, Adaptiv synk-teknik, ALLM, Variable Refresh Rate (VRR)","YouTube, Spotify, Webbläsare, Netflix, Viaplay, HBO GO, SVT Play, TV4 Play, SF Anytime, Amazon Prime Video, Apple TV+",WebOS,Ja,Ja,"802.11a, 802.11b, 802.11g, 802.11n (Wi-Fi 4), 802.11ac (Wi-Fi 5)",Nej,Ja,Ja,Ja,Ja,"Dolby Vision, HDR10, HLG","Miracast, AirPlay 2",Ja,300x200mm,2-kanal (Stereo),,Nej,,0.5 W,,,,,,,,,LG,42 tum,4K Ultra HD (3840x2160),OLED,Ja,Ja,2022,368.81 kr/tum,"LG OLED42C2 42"" 4K Ultra HD (3840x2160) OLED Smart TV",TV,Ja,Nej,Ja,Ja,"DVB-T (marksänd digital-TV), DVB-C (digital kabel-TV), DVB-S (satellit-TV), DVB-T2 (marksänd digital-TV, 2:a gen.), DVB-S2 (satellit-TV, 2:a gen.)",,Ja,Ja,4 st,2.2,2.1,eARC,Ja,0 st,0 st,Ja,Nej,3 st,,3 st,Nej,,"24p, 60p, 50p, 120p",16:9,,,Ja,LG OLED Motion Pro,OLED,"480p, 576p, 720p, 1080p (Full HD), 1080i, 480i, 576i, 2160p (4K Ultra HD)",120 Hz,,,"Dolby Digital 5.1, Dolby Digital Plus, Dolby Atmos",,"Svart, Silver, Grå",Platt,411 mm,535 mm,,932 mm,170 mm,577 mm,9.3 kg,,"Bluetooth, Adaptiv synk-teknik, ALLM, Variable Refresh Rate (VRR)","YouTube, Spotify, Webbläsare, Netflix, Viaplay, HBO GO, SVT Play, TV4 Play, SF Anytime, Amazon Prime Video, Apple TV+",WebOS,Ja,Ja,"802.11a, 802.11b, 802.11g, 802.11n (Wi-Fi 4), 802.11ac (Wi-Fi 5)",Nej,Ja,Ja,Ja,Ja,"Dolby Vision, HDR10, HLG","Miracast, AirPlay 2",Ja,300x200mm,2-kanal (Stereo),,Nej,,0.5 W,,,,,,,,
27,SW,TV,"Samsung QLED QE65QN95A 65"" 4K Ultra HD (3840x2160) Smart TV",20489.25,SEK,4,Rank 28,4.2,(2 omdömen),"Det billigaste priset för Samsung QLED QE65QN95A 65"" 4K Ultra HD (3840x2160) Smart TV just nu är 16 990 kr. Det är en av de 100 mest populära produkterna i kategorin TV med ett genomsnittligt betyg på 4.2 av 5.  Prisjakt jämför priser och erbjudanden från 4 butiker. ",https://www.prisjakt.nu/produkt.php?p=5727076,14/08/2022 11:24:42,Samsung,65 tum,4K Ultra HD (3840x2160),LCD,Ja,Ja,2021,261.38 kr/tum,"Samsung QLED QE65QN95A 65"" 4K Ultra HD (3840x2160) Smart TV",TV,Ja,Ja,Ja,Ja,"DVB-C (digital kabel-TV), DVB-T2 (marksänd digital-TV, 2:a gen.), DVB-S2 (satellit-TV, 2:a gen.)",,,Ja,4 st,,2.1,eARC,Nej,,,Ja,,,,2 st,,,"24p, 30p, 60p, 50p, 120p",16:9,163 cm,,,,Neo QLED,"480p, 576p, 720p, 1080p (Full HD), 1080i, 480i, 576i, 2160p (4K Ultra HD)",120 Hz,,,,,"Svart, Silver, Grå",Platt,25.9 mm,,,1446.3 mm,285.4 mm,891.4 mm,30.3 kg,23.3 kg,"Bild-i-Bild (PiP), Bluetooth, Röststyrning, Stöd för NFC, Adaptiv synk-teknik, ALLM, Variable Refresh Rate (VRR), One Connect, Slim One Connect",,Tizen OS,Ja,Ja,802.11ac (Wi-Fi 5),Nej,Ja,Ja,Ja,Ja,"HDR10, HLG, HDR10+",,Ja,400x300mm,,,Nej,,0.5 W,242 kWh,123 kWh,G,G,LED (lysdiod),Bakbelyst (Back),"Quantum dot, Local Dimming, Mini-LED",VA,Samsung,65 tum,4K Ultra HD (3840x2160),LCD,Ja,Ja,2021,261.38 kr/tum,"Samsung QLED QE65QN95A 65"" 4K Ultra HD (3840x2160) Smart TV",TV,Ja,Ja,Ja,Ja,"DVB-C (digital kabel-TV), DVB-T2 (marksänd digital-TV, 2:a gen.), DVB-S2 (satellit-TV, 2:a gen.)",,,Ja,4 st,,2.1,eARC,Nej,,,Ja,,,,2 st,,,"24p, 30p, 60p, 50p, 120p",16:9,163 cm,,,,Neo QLED,"480p, 576p, 720p, 1080p (Full HD), 1080i, 480i, 576i, 2160p (4K Ultra HD)",120 Hz,,,,,"Svart, Silver, Grå",Platt,25.9 mm,,,1446.3 mm,285.4 mm,891.4 mm,30.3 kg,23.3 kg,"Bild-i-Bild (PiP), Bluetooth, Röststyrning, Stöd för NFC, Adaptiv synk-teknik, ALLM, Variable Refresh Rate (VRR), One Connect, Slim One Connect",,Tizen OS,Ja,Ja,802.11ac (Wi-Fi 5),Nej,Ja,Ja,Ja,Ja,"HDR10, HLG, HDR10+",,Ja,400x300mm,,,Nej,,0.5 W,242 kWh,123 kWh,G,G,LED (lysdiod),Bakbelyst (Back),"Quantum dot, Local Dimming, Mini-LED",VA
28,SW,TV,"Sony Bravia XR-77A80J 77"" 4K Ultra HD (3840x2160) OLED Google TV",29945.0,SEK,2,Rank 29,4.2,(2 omdömen),"Det billigaste priset för Sony Bravia XR-77A80J 77"" 4K Ultra HD (3840x2160) OLED Google TV just nu är 31 990 kr. Det är en av de 100 mest populära produkterna i kategorin TV med ett genomsnittligt betyg på 4.2 av 5.  Prisjakt jämför priser och erbjudanden från nätbutiker och fysiska butiker. ",https://www.prisjakt.nu/produkt.php?p=5753145,14/08/2022 11:24:44,Sony,77 tum,4K Ultra HD (3840x2160),OLED,Ja,Ja,2021,362.34 kr/tum,"Sony Bravia XR-77A80J 77"" 4K Ultra HD (3840x2160) OLED Google TV",TV,Ja,Ja,Ja,Ja,"DVB-T (marksänd digital-TV), DVB-C (digital kabel-TV), DVB-S (satellit-TV), DVB-T2 (marksänd digital-TV, 2:a gen.), DVB-S2 (satellit-TV, 2:a gen.)",,Ja,Ja,4 st,2.3,2.1,eARC,Ja,,,Ja,Ja,,,3 st,Nej,,120p,16:9,198 cm,,,,OLED,"480p, 2160p (4K Ultra HD)",120 Hz,,"MP3, WMA, Ogg Vorbis, FLAC, WAV (PCM), AAC",Dolby Atmos,"Xvid, MPEG1, MPEG2, MPEG4, WMV, 3GP/3GPP, AVC/H.264, AVI, Matroska (MKV), AVCHD, MOV, TS, HEVC/H.265","Svart, Titan",Platt,54 mm,999 mm,,1722 mm,367 mm,1071 mm,29 kg,30 kg,"FM-radio, Bluetooth, Röststyrning, Adaptiv synk-teknik, Stöd för HomeKit, ALLM, Variable Refresh Rate (VRR)","YouTube, Webbläsare, Netflix, Viaplay, Amazon Prime Video, Apple TV+",Google TV,Ja,Ja,"802.11a, 802.11b, 802.11g, 802.11n (Wi-Fi 4), 802.11ac (Wi-Fi 5)",Nej,Ja,Ja,Ja,Ja,"Dolby Vision, HDR10, HLG",,Ja,300x300mm,Flerkanal,,Nej,183 W,0.5 W,210 kWh,183 kWh,G,G,,,,,Sony,77 tum,4K Ultra HD (3840x2160),OLED,Ja,Ja,2021,362.34 kr/tum,"Sony Bravia XR-77A80J 77"" 4K Ultra HD (3840x2160) OLED Google TV",TV,Ja,Ja,Ja,Ja,"DVB-T (marksänd digital-TV), DVB-C (digital kabel-TV), DVB-S (satellit-TV), DVB-T2 (marksänd digital-TV, 2:a gen.), DVB-S2 (satellit-TV, 2:a gen.)",,Ja,Ja,4 st,2.3,2.1,eARC,Ja,,,Ja,Ja,,,3 st,Nej,,120p,16:9,198 cm,,,,OLED,"480p, 2160p (4K Ultra HD)",120 Hz,,"MP3, WMA, Ogg Vorbis, FLAC, WAV (PCM), AAC",Dolby Atmos,"Xvid, MPEG1, MPEG2, MPEG4, WMV, 3GP/3GPP, AVC/H.264, AVI, Matroska (MKV), AVCHD, MOV, TS, HEVC/H.265","Svart, Titan",Platt,54 mm,999 mm,,1722 mm,367 mm,1071 mm,29 kg,30 kg,"FM-radio, Bluetooth, Röststyrning, Adaptiv synk-teknik, Stöd för HomeKit, ALLM, Variable Refresh Rate (VRR)","YouTube, Webbläsare, Netflix, Viaplay, Amazon Prime Video, Apple TV+",Google TV,Ja,Ja,"802.11a, 802.11b, 802.11g, 802.11n (Wi-Fi 4), 802.11ac (Wi-Fi 5)",Nej,Ja,Ja,Ja,Ja,"Dolby Vision, HDR10, HLG",,Ja,300x300mm,Flerkanal,,Nej,183 W,0.5 W,210 kWh,183 kWh,G,G,,,,
29,SW,TV,"TCL 98C735 98"" 4K Ultra HD (3840x2160) QLED Google TV",53420.0,SEK,7,Rank 30,,,"Det billigaste priset för TCL 98C735 98"" 4K Ultra HD (3840x2160) QLED Google TV just nu är 36 990 kr. Det är en av de 100 mest populära produkterna i kategorin TV.  Prisjakt jämför priser och erbjudanden från 7 butiker. ",https://www.prisjakt.nu/produkt.php?p=6219595,14/08/2022 11:24:47,TCL,98 tum,4K Ultra HD (3840x2160),LCD,Ja,Ja,2022,377.45 kr/tum,"TCL 98C735 98"" 4K Ultra HD (3840x2160) QLED Google TV",TV,Ja,,Ja,Ja,"DVB-T (marksänd digital-TV), DVB-C (digital kabel-TV), DVB-S (satellit-TV), DVB-T2 (marksänd digital-TV, 2:a gen.), DVB-S2 (satellit-TV, 2:a gen.)",,,Ja,4 st,2.2,2.1,eARC,Ja,,,Ja,,2 st,0 st,2 st,Nej,,"24p, 60p, 50p, 120p",16:9,,,,,QLED,"480p, 576p, 720p, 1080p (Full HD), 1080i, 480i, 576i, 2160p (4K Ultra HD)",120 Hz,,,"Dolby Digital 5.1, DTS 5.1, Dolby Digital Plus, DTS HD Master Audio, Dolby Atmos",,,Platt,,,,,,,,,"Bluetooth, Time-shift, Adaptiv synk-teknik, ALLM, Variable Refresh Rate (VRR)","Facebook, YouTube, Spotify, Webbläsare, Netflix, Viaplay, SVT Play, TV4 Play, SF Anytime, Amazon Prime Video, Apple TV+",Android TV,Ja,Ja,"802.11a, 802.11b, 802.11g, 802.11n (Wi-Fi 4), 802.11ac (Wi-Fi 5), 802.11ax (Wi-Fi 6)",Nej,Ja,Ja,Ja,Ja,"Dolby Vision, HDR10, HLG",Google Cast/Chromecast,Ja,800x400mm,,,Nej,,,,,,,LED (lysdiod),Bakbelyst (Back),"Quantum dot, Local Dimming",,TCL,98 tum,4K Ultra HD (3840x2160),LCD,Ja,Ja,2022,377.45 kr/tum,"TCL 98C735 98"" 4K Ultra HD (3840x2160) QLED Google TV",TV,Ja,,Ja,Ja,"DVB-T (marksänd digital-TV), DVB-C (digital kabel-TV), DVB-S (satellit-TV), DVB-T2 (marksänd digital-TV, 2:a gen.), DVB-S2 (satellit-TV, 2:a gen.)",,,Ja,4 st,2.2,2.1,eARC,Ja,,,Ja,,2 st,0 st,2 st,Nej,,"24p, 60p, 50p, 120p",16:9,,,,,QLED,"480p, 576p, 720p, 1080p (Full HD), 1080i, 480i, 576i, 2160p (4K Ultra HD)",120 Hz,,,"Dolby Digital 5.1, DTS 5.1, Dolby Digital Plus, DTS HD Master Audio, Dolby Atmos",,,Platt,,,,,,,,,"Bluetooth, Time-shift, Adaptiv synk-teknik, ALLM, Variable Refresh Rate (VRR)","Facebook, YouTube, Spotify, Webbläsare, Netflix, Viaplay, SVT Play, TV4 Play, SF Anytime, Amazon Prime Video, Apple TV+",Android TV,Ja,Ja,"802.11a, 802.11b, 802.11g, 802.11n (Wi-Fi 4), 802.11ac (Wi-Fi 5), 802.11ax (Wi-Fi 6)",Nej,Ja,Ja,Ja,Ja,"Dolby Vision, HDR10, HLG",Google Cast/Chromecast,Ja,800x400mm,,,Nej,,,,,,,LED (lysdiod),Bakbelyst (Back),"Quantum dot, Local Dimming",
